Timestamp,ksurf-master1 CPU (m),ksurf-master1 Memory (MiB),ksurf-producer-aea9655c CPU (m),ksurf-producer-aea9655c Memory (MiB),ksurf-worker2-27aec434 CPU (m),ksurf-worker2-27aec434 Memory (MiB),ksurf-producer1-ede6efb4 CPU (m),ksurf-producer1-ede6efb4 Memory (MiB)
2024-12-14 00:09:36,81,2770,35,2398,194,744,-,-
2024-12-14 00:09:39,81,2770,35,2398,194,744,-,-
2024-12-14 00:09:41,81,2770,35,2398,194,744,-,-
2024-12-14 00:09:43,80,2770,403,2687,483,988,-,-
2024-12-14 00:09:45,80,2770,403,2687,483,988,-,-
2024-12-14 00:09:47,80,2770,403,2687,483,988,-,-
2024-12-14 00:09:49,80,2770,403,2687,483,988,-,-
2024-12-14 00:09:52,80,2770,403,2687,483,988,-,-
2024-12-14 00:09:54,80,2770,403,2687,483,988,-,-
2024-12-14 00:09:56,80,2770,403,2687,483,988,-,-
2024-12-14 00:09:58,549,2775,1482,2651,256,696,-,-
2024-12-14 00:10:01,549,2775,1482,2651,256,696,-,-
2024-12-14 00:10:03,549,2775,1482,2651,256,696,-,-
2024-12-14 00:10:05,549,2775,1482,2651,256,696,-,-
2024-12-14 00:10:07,549,2775,1482,2651,256,696,-,-
2024-12-14 00:10:09,549,2775,1482,2651,256,696,-,-
2024-12-14 00:10:11,549,2775,1482,2651,256,696,-,-
2024-12-14 00:10:14,824,2781,1498,2624,51,695,-,-
2024-12-14 00:10:16,824,2781,1498,2624,51,695,-,-
2024-12-14 00:10:18,824,2781,1498,2624,51,695,-,-
2024-12-14 00:10:20,824,2781,1498,2624,51,695,-,-
2024-12-14 00:10:22,824,2781,1498,2624,51,695,-,-
2024-12-14 00:10:24,824,2781,1498,2624,51,695,-,-
2024-12-14 00:10:27,824,2781,1498,2624,51,695,-,-
2024-12-14 00:10:29,774,2792,1041,2624,14,695,-,-
2024-12-14 00:10:31,774,2792,1041,2624,14,695,-,-
2024-12-14 00:10:33,774,2792,1041,2624,14,695,-,-
2024-12-14 00:10:35,774,2792,1041,2624,14,695,-,-
2024-12-14 00:10:38,774,2792,1041,2624,14,695,-,-
2024-12-14 00:10:40,774,2792,1041,2624,14,695,-,-
2024-12-14 00:10:42,800,2795,1384,2963,31,695,-,-
2024-12-14 00:10:44,800,2795,1384,2963,31,695,-,-
2024-12-14 00:10:46,800,2795,1384,2963,31,695,-,-
2024-12-14 00:10:49,800,2795,1384,2963,31,695,-,-
2024-12-14 00:10:51,800,2795,1384,2963,31,695,-,-
2024-12-14 00:10:53,800,2795,1384,2963,31,695,-,-
2024-12-14 00:10:55,800,2795,1384,2963,31,695,-,-
2024-12-14 00:10:57,765,2800,1478,2900,14,695,-,-
2024-12-14 00:10:59,765,2800,1478,2900,14,695,-,-
2024-12-14 00:11:02,765,2800,1478,2900,14,695,-,-
2024-12-14 00:11:04,765,2800,1478,2900,14,695,-,-
2024-12-14 00:11:06,765,2800,1478,2900,14,695,-,-
2024-12-14 00:11:08,765,2800,1478,2900,14,695,-,-
2024-12-14 00:11:10,765,2800,1478,2900,14,695,-,-
2024-12-14 00:11:13,915,2830,1696,3067,31,695,-,-
2024-12-14 00:11:15,915,2830,1696,3067,31,695,-,-
2024-12-14 00:11:17,915,2830,1696,3067,31,695,-,-
2024-12-14 00:11:19,915,2830,1696,3067,31,695,-,-
2024-12-14 00:11:22,915,2830,1696,3067,31,695,-,-
2024-12-14 00:11:24,915,2830,1696,3067,31,695,-,-
2024-12-14 00:11:26,915,2830,1696,3067,31,695,-,-
2024-12-14 00:11:28,1418,2803,2215,3171,9,695,-,-
2024-12-14 00:11:31,1418,2803,2215,3171,9,695,-,-
2024-12-14 00:11:33,1418,2803,2215,3171,9,695,-,-
2024-12-14 00:11:35,1418,2803,2215,3171,9,695,-,-
2024-12-14 00:11:37,1418,2803,2215,3171,9,695,-,-
2024-12-14 00:11:39,1418,2803,2215,3171,9,695,-,-
2024-12-14 00:11:42,1418,2803,2215,3171,9,695,-,-
2024-12-14 00:11:44,790,2804,1946,2940,38,695,-,-
2024-12-14 00:11:46,790,2804,1946,2940,38,695,-,-
2024-12-14 00:11:48,790,2804,1946,2940,38,695,-,-
2024-12-14 00:11:50,790,2804,1946,2940,38,695,-,-
2024-12-14 00:11:53,790,2804,1946,2940,38,695,-,-
2024-12-14 00:11:55,790,2804,1946,2940,38,695,-,-
2024-12-14 00:11:57,799,2806,1738,2804,11,696,-,-
2024-12-14 00:11:59,799,2806,1738,2804,11,696,-,-
2024-12-14 00:12:02,799,2806,1738,2804,11,696,-,-
2024-12-14 00:12:04,799,2806,1738,2804,11,696,-,-
2024-12-14 00:12:06,799,2806,1738,2804,11,696,-,-
2024-12-14 00:12:08,799,2806,1738,2804,11,696,-,-
2024-12-14 00:12:10,799,2806,1738,2804,11,696,-,-
2024-12-14 00:12:13,755,2808,2250,3244,31,695,-,-
2024-12-14 00:12:15,755,2808,2250,3244,31,695,-,-
2024-12-14 00:12:17,755,2808,2250,3244,31,695,-,-
2024-12-14 00:12:19,755,2808,2250,3244,31,695,-,-
2024-12-14 00:12:22,755,2808,2250,3244,31,695,-,-
2024-12-14 00:12:24,755,2808,2250,3244,31,695,-,-
2024-12-14 00:12:26,755,2808,2250,3244,31,695,-,-
2024-12-14 00:12:28,784,2813,2021,2800,10,695,-,-
2024-12-14 00:12:30,784,2813,2021,2800,10,695,-,-
2024-12-14 00:12:33,784,2813,2021,2800,10,695,-,-
2024-12-14 00:12:35,784,2813,2021,2800,10,695,-,-
2024-12-14 00:12:37,784,2813,2021,2800,10,695,-,-
2024-12-14 00:12:39,784,2813,2021,2800,10,695,-,-
2024-12-14 00:12:41,784,2813,2021,2800,10,695,-,-
2024-12-14 00:12:44,1161,2815,2069,3336,26,695,-,-
2024-12-14 00:12:46,1161,2815,2069,3336,26,695,-,-
2024-12-14 00:12:48,1161,2815,2069,3336,26,695,-,-
2024-12-14 00:12:50,1161,2815,2069,3336,26,695,-,-
2024-12-14 00:12:53,1161,2815,2069,3336,26,695,-,-
2024-12-14 00:12:55,1161,2815,2069,3336,26,695,-,-
2024-12-14 00:12:57,782,2819,1885,3439,18,695,-,-
2024-12-14 00:12:59,782,2819,1885,3439,18,695,-,-
2024-12-14 00:13:01,782,2819,1885,3439,18,695,-,-
2024-12-14 00:13:04,782,2819,1885,3439,18,695,-,-
2024-12-14 00:13:06,782,2819,1885,3439,18,695,-,-
2024-12-14 00:13:08,782,2819,1885,3439,18,695,-,-
2024-12-14 00:13:10,782,2819,1885,3439,18,695,-,-
2024-12-14 00:13:13,752,2824,1866,2678,27,695,-,-
2024-12-14 00:13:15,752,2824,1866,2678,27,695,-,-
2024-12-14 00:13:17,752,2824,1866,2678,27,695,-,-
2024-12-14 00:13:19,752,2824,1866,2678,27,695,-,-
2024-12-14 00:13:21,752,2824,1866,2678,27,695,-,-
2024-12-14 00:13:24,752,2824,1866,2678,27,695,-,-
2024-12-14 00:13:26,752,2824,1866,2678,27,695,-,-
2024-12-14 00:13:28,745,2827,1953,2756,11,695,-,-
2024-12-14 00:13:30,745,2827,1953,2756,11,695,-,-
2024-12-14 00:13:32,745,2827,1953,2756,11,695,-,-
2024-12-14 00:13:35,745,2827,1953,2756,11,695,-,-
2024-12-14 00:13:37,745,2827,1953,2756,11,695,-,-
2024-12-14 00:13:39,745,2827,1953,2756,11,695,-,-
2024-12-14 00:13:41,745,2827,1953,2756,11,695,-,-
2024-12-14 00:13:44,777,2839,1727,3044,24,695,-,-
2024-12-14 00:13:46,777,2839,1727,3044,24,695,-,-
2024-12-14 00:13:48,777,2839,1727,3044,24,695,-,-
2024-12-14 00:13:50,777,2839,1727,3044,24,695,-,-
2024-12-14 00:13:52,777,2839,1727,3044,24,695,-,-
2024-12-14 00:13:54,777,2839,1727,3044,24,695,-,-
2024-12-14 00:13:57,777,2839,1727,3044,24,695,-,-
2024-12-14 00:13:59,738,2842,1737,2672,13,695,-,-
2024-12-14 00:14:01,738,2842,1737,2672,13,695,-,-
2024-12-14 00:14:03,738,2842,1737,2672,13,695,-,-
2024-12-14 00:14:06,738,2842,1737,2672,13,695,-,-
2024-12-14 00:14:08,738,2842,1737,2672,13,695,-,-
2024-12-14 00:14:10,738,2842,1737,2672,13,695,-,-
2024-12-14 00:14:12,772,2851,1027,2645,39,696,-,-
2024-12-14 00:14:14,772,2851,1027,2645,39,696,-,-
2024-12-14 00:14:17,772,2851,1027,2645,39,696,-,-
2024-12-14 00:14:19,772,2851,1027,2645,39,696,-,-
2024-12-14 00:14:21,772,2851,1027,2645,39,696,-,-
2024-12-14 00:14:23,772,2851,1027,2645,39,696,-,-
2024-12-14 00:14:25,772,2851,1027,2645,39,696,-,-
2024-12-14 00:14:27,729,2854,1470,2648,10,695,-,-
2024-12-14 00:14:30,729,2854,1470,2648,10,695,-,-
2024-12-14 00:14:32,729,2854,1470,2648,10,695,-,-
2024-12-14 00:14:34,729,2854,1470,2648,10,695,-,-
2024-12-14 00:14:36,729,2854,1470,2648,10,695,-,-
2024-12-14 00:14:38,729,2854,1470,2648,10,695,-,-
2024-12-14 00:14:41,729,2854,1470,2648,10,695,-,-
2024-12-14 00:14:43,759,2869,988,2645,226,968,-,-
2024-12-14 00:14:45,759,2869,988,2645,226,968,-,-
2024-12-14 00:14:47,759,2869,988,2645,226,968,-,-
2024-12-14 00:14:49,759,2869,988,2645,226,968,-,-
2024-12-14 00:14:52,759,2869,988,2645,226,968,-,-
2024-12-14 00:14:54,759,2869,988,2645,226,968,-,-
2024-12-14 00:14:56,759,2869,988,2645,226,968,-,-
2024-12-14 00:14:58,730,2871,1820,3013,434,719,-,-
2024-12-14 00:15:01,730,2871,1820,3013,434,719,-,-
2024-12-14 00:15:03,730,2871,1820,3013,434,719,-,-
2024-12-14 00:15:05,730,2871,1820,3013,434,719,-,-
2024-12-14 00:15:07,730,2871,1820,3013,434,719,-,-
2024-12-14 00:15:09,730,2871,1820,3013,434,719,-,-
2024-12-14 00:15:12,730,2871,1820,3013,434,719,-,-
2024-12-14 00:15:14,1118,2946,1618,2950,247,696,-,-
2024-12-14 00:15:16,1118,2946,1618,2950,247,696,-,-
2024-12-14 00:15:18,1118,2946,1618,2950,247,696,-,-
2024-12-14 00:15:20,1118,2946,1618,2950,247,696,-,-
2024-12-14 00:15:23,1118,2946,1618,2950,247,696,-,-
2024-12-14 00:15:25,1118,2946,1618,2950,247,696,-,-
2024-12-14 00:15:27,1099,2890,1710,3100,11,695,-,-
2024-12-14 00:15:29,1099,2890,1710,3100,11,695,-,-
2024-12-14 00:15:31,1099,2890,1710,3100,11,695,-,-
2024-12-14 00:15:33,1099,2890,1710,3100,11,695,-,-
2024-12-14 00:15:36,1099,2890,1710,3100,11,695,-,-
2024-12-14 00:15:38,1099,2890,1710,3100,11,695,-,-
2024-12-14 00:15:40,1099,2890,1710,3100,11,695,-,-
2024-12-14 00:15:42,742,2896,1640,2646,22,695,-,-
2024-12-14 00:15:44,742,2896,1640,2646,22,695,-,-
2024-12-14 00:15:47,742,2896,1640,2646,22,695,-,-
2024-12-14 00:15:49,742,2896,1640,2646,22,695,-,-
2024-12-14 00:15:51,742,2896,1640,2646,22,695,-,-
2024-12-14 00:15:53,742,2896,1640,2646,22,695,-,-
2024-12-14 00:15:55,742,2896,1640,2646,22,695,-,-
2024-12-14 00:15:58,737,2901,961,2647,8,695,-,-
2024-12-14 00:16:00,737,2901,961,2647,8,695,-,-
2024-12-14 00:16:02,737,2901,961,2647,8,695,-,-
2024-12-14 00:16:04,737,2901,961,2647,8,695,-,-
2024-12-14 00:16:06,737,2901,961,2647,8,695,-,-
2024-12-14 00:16:09,737,2901,961,2647,8,695,-,-
2024-12-14 00:16:11,737,2901,961,2647,8,695,-,-
2024-12-14 00:16:13,778,2914,1515,2945,25,695,-,-
2024-12-14 00:16:15,778,2914,1515,2945,25,695,-,-
2024-12-14 00:16:17,778,2914,1515,2945,25,695,-,-
2024-12-14 00:16:20,778,2914,1515,2945,25,695,-,-
2024-12-14 00:16:22,778,2914,1515,2945,25,695,-,-
2024-12-14 00:16:24,778,2914,1515,2945,25,695,-,-
2024-12-14 00:16:26,778,2914,1515,2945,25,695,-,-
2024-12-14 00:16:28,745,2917,1451,2968,8,695,-,-
2024-12-14 00:16:31,745,2917,1451,2968,8,695,-,-
2024-12-14 00:16:33,745,2917,1451,2968,8,695,-,-
2024-12-14 00:16:35,745,2917,1451,2968,8,695,-,-
2024-12-14 00:16:37,745,2917,1451,2968,8,695,-,-
2024-12-14 00:16:39,745,2917,1451,2968,8,695,-,-
2024-12-14 00:16:42,745,2917,1451,2968,8,695,-,-
2024-12-14 00:16:44,1138,3313,1552,2781,29,696,-,-
2024-12-14 00:16:46,1138,3313,1552,2781,29,696,-,-
2024-12-14 00:16:48,1138,3313,1552,2781,29,696,-,-
2024-12-14 00:16:50,1138,3313,1552,2781,29,696,-,-
2024-12-14 00:16:52,1138,3313,1552,2781,29,696,-,-
2024-12-14 00:16:55,1138,3313,1552,2781,29,696,-,-
2024-12-14 00:16:57,1138,3313,1552,2781,29,696,-,-
2024-12-14 00:16:59,1371,2937,1224,2648,16,696,-,-
2024-12-14 00:17:01,1371,2937,1224,2648,16,696,-,-
2024-12-14 00:17:03,1371,2937,1224,2648,16,696,-,-
2024-12-14 00:17:06,1371,2937,1224,2648,16,696,-,-
2024-12-14 00:17:08,1371,2937,1224,2648,16,696,-,-
2024-12-14 00:17:10,1371,2937,1224,2648,16,696,-,-
2024-12-14 00:17:12,756,2941,1069,2648,27,695,-,-
2024-12-14 00:17:14,756,2941,1069,2648,27,695,-,-
2024-12-14 00:17:16,756,2941,1069,2648,27,695,-,-
2024-12-14 00:17:19,756,2941,1069,2648,27,695,-,-
2024-12-14 00:17:21,756,2941,1069,2648,27,695,-,-
2024-12-14 00:17:23,756,2941,1069,2648,27,695,-,-
2024-12-14 00:17:25,756,2941,1069,2648,27,695,-,-
2024-12-14 00:17:27,802,2958,1016,2648,9,696,-,-
2024-12-14 00:17:30,802,2958,1016,2648,9,696,-,-
2024-12-14 00:17:32,802,2958,1016,2648,9,696,-,-
2024-12-14 00:17:34,802,2958,1016,2648,9,696,-,-
2024-12-14 00:17:36,802,2958,1016,2648,9,696,-,-
2024-12-14 00:17:38,802,2958,1016,2648,9,696,-,-
2024-12-14 00:17:40,802,2958,1016,2648,9,696,-,-
2024-12-14 00:17:43,771,2957,1026,2652,23,695,-,-
2024-12-14 00:17:45,771,2957,1026,2652,23,695,-,-
2024-12-14 00:17:47,771,2957,1026,2652,23,695,-,-
2024-12-14 00:17:49,771,2957,1026,2652,23,695,-,-
2024-12-14 00:17:51,771,2957,1026,2652,23,695,-,-
2024-12-14 00:17:54,771,2957,1026,2652,23,695,-,-
2024-12-14 00:17:56,771,2957,1026,2652,23,695,-,-
2024-12-14 00:17:58,1131,3235,1421,2672,10,696,-,-
2024-12-14 00:18:00,1131,3235,1421,2672,10,696,-,-
2024-12-14 00:18:02,1131,3235,1421,2672,10,696,-,-
2024-12-14 00:18:05,1131,3235,1421,2672,10,696,-,-
2024-12-14 00:18:07,1131,3235,1421,2672,10,696,-,-
2024-12-14 00:18:09,1131,3235,1421,2672,10,696,-,-
2024-12-14 00:18:11,1131,3235,1421,2672,10,696,-,-
2024-12-14 00:18:13,918,2971,1151,2694,25,695,-,-
2024-12-14 00:18:15,918,2971,1151,2694,25,695,-,-
2024-12-14 00:18:18,918,2971,1151,2694,25,695,-,-
2024-12-14 00:18:20,918,2971,1151,2694,25,695,-,-
2024-12-14 00:18:22,918,2971,1151,2694,25,695,-,-
2024-12-14 00:18:24,918,2971,1151,2694,25,695,-,-
2024-12-14 00:18:26,918,2971,1151,2694,25,695,-,-
2024-12-14 00:18:29,767,2972,1225,2648,10,696,-,-
2024-12-14 00:18:31,767,2972,1225,2648,10,696,-,-
2024-12-14 00:18:33,767,2972,1225,2648,10,696,-,-
2024-12-14 00:18:35,767,2972,1225,2648,10,696,-,-
2024-12-14 00:18:37,767,2972,1225,2648,10,696,-,-
2024-12-14 00:18:39,767,2972,1225,2648,10,696,-,-
2024-12-14 00:18:42,767,2972,1225,2648,10,696,-,-
2024-12-14 00:18:44,765,2981,1379,2836,24,695,-,-
2024-12-14 00:18:46,765,2981,1379,2836,24,695,-,-
2024-12-14 00:18:48,765,2981,1379,2836,24,695,-,-
2024-12-14 00:18:50,765,2981,1379,2836,24,695,-,-
2024-12-14 00:18:53,765,2981,1379,2836,24,695,-,-
2024-12-14 00:18:55,765,2981,1379,2836,24,695,-,-
2024-12-14 00:18:57,791,2985,1606,3040,10,696,-,-
2024-12-14 00:18:59,791,2985,1606,3040,10,696,-,-
2024-12-14 00:19:01,791,2985,1606,3040,10,696,-,-
2024-12-14 00:19:04,791,2985,1606,3040,10,696,-,-
2024-12-14 00:19:06,791,2985,1606,3040,10,696,-,-
2024-12-14 00:19:08,791,2985,1606,3040,10,696,-,-
2024-12-14 00:19:10,791,2985,1606,3040,10,696,-,-
2024-12-14 00:19:12,752,2990,1723,3012,28,695,-,-
2024-12-14 00:19:15,752,2990,1723,3012,28,695,-,-
2024-12-14 00:19:17,752,2990,1723,3012,28,695,-,-
2024-12-14 00:19:19,752,2990,1723,3012,28,695,-,-
2024-12-14 00:19:21,752,2990,1723,3012,28,695,-,-
2024-12-14 00:19:23,752,2990,1723,3012,28,695,-,-
2024-12-14 00:19:26,752,2990,1723,3012,28,695,-,-
2024-12-14 00:19:28,771,2996,1301,2928,23,696,-,-
2024-12-14 00:19:30,771,2996,1301,2928,23,696,-,-
2024-12-14 00:19:32,771,2996,1301,2928,23,696,-,-
2024-12-14 00:19:34,771,2996,1301,2928,23,696,-,-
2024-12-14 00:19:36,771,2996,1301,2928,23,696,-,-
2024-12-14 00:19:39,771,2996,1301,2928,23,696,-,-
2024-12-14 00:19:41,771,2996,1301,2928,23,696,-,-
2024-12-14 00:19:43,775,3006,1310,2660,27,696,-,-
2024-12-14 00:19:45,775,3006,1310,2660,27,696,-,-
2024-12-14 00:19:47,775,3006,1310,2660,27,696,-,-
2024-12-14 00:19:49,775,3006,1310,2660,27,696,-,-
2024-12-14 00:19:52,775,3006,1310,2660,27,696,-,-
2024-12-14 00:19:54,775,3006,1310,2660,27,696,-,-
2024-12-14 00:19:56,775,3006,1310,2660,27,696,-,-
2024-12-14 00:19:58,742,3007,988,2648,9,696,-,-
2024-12-14 00:20:00,742,3007,988,2648,9,696,-,-
2024-12-14 00:20:02,742,3007,988,2648,9,696,-,-
2024-12-14 00:20:05,742,3007,988,2648,9,696,-,-
2024-12-14 00:20:07,742,3007,988,2648,9,696,-,-
2024-12-14 00:20:09,742,3007,988,2648,9,696,-,-
2024-12-14 00:20:11,742,3007,988,2648,9,696,-,-
2024-12-14 00:20:13,769,3014,937,2648,441,1090,-,-
2024-12-14 00:20:16,769,3014,937,2648,441,1090,-,-
2024-12-14 00:20:18,769,3014,937,2648,441,1090,-,-
2024-12-14 00:20:20,769,3014,937,2648,441,1090,-,-
2024-12-14 00:20:22,769,3014,937,2648,441,1090,-,-
2024-12-14 00:20:24,769,3014,937,2648,441,1090,-,-
2024-12-14 00:20:26,769,3014,937,2648,441,1090,-,-
2024-12-14 00:20:29,810,3024,1259,2945,612,696,-,-
2024-12-14 00:20:31,810,3024,1259,2945,612,696,-,-
2024-12-14 00:20:33,810,3024,1259,2945,612,696,-,-
2024-12-14 00:20:35,810,3024,1259,2945,612,696,-,-
2024-12-14 00:20:37,810,3024,1259,2945,612,696,-,-
2024-12-14 00:20:40,810,3024,1259,2945,612,696,-,-
2024-12-14 00:20:42,810,3024,1259,2945,612,696,-,-
2024-12-14 00:20:44,761,3026,1753,2747,27,696,-,-
2024-12-14 00:20:46,761,3026,1753,2747,27,696,-,-
2024-12-14 00:20:48,761,3026,1753,2747,27,696,-,-
2024-12-14 00:20:51,761,3026,1753,2747,27,696,-,-
2024-12-14 00:20:53,761,3026,1753,2747,27,696,-,-
2024-12-14 00:20:55,761,3026,1753,2747,27,696,-,-
2024-12-14 00:20:57,770,3031,1254,2659,10,696,-,-
2024-12-14 00:20:59,770,3031,1254,2659,10,696,-,-
2024-12-14 00:21:01,770,3031,1254,2659,10,696,-,-
2024-12-14 00:21:04,770,3031,1254,2659,10,696,-,-
2024-12-14 00:21:06,770,3031,1254,2659,10,696,-,-
2024-12-14 00:21:08,770,3031,1254,2659,10,696,-,-
2024-12-14 00:21:10,770,3031,1254,2659,10,696,-,-
2024-12-14 00:21:12,785,3043,948,2649,27,695,-,-
2024-12-14 00:21:15,785,3043,948,2649,27,695,-,-
2024-12-14 00:21:17,785,3043,948,2649,27,695,-,-
2024-12-14 00:21:19,785,3043,948,2649,27,695,-,-
2024-12-14 00:21:21,785,3043,948,2649,27,695,-,-
2024-12-14 00:21:23,785,3043,948,2649,27,695,-,-
2024-12-14 00:21:25,785,3043,948,2649,27,695,-,-
2024-12-14 00:21:28,747,3043,1009,2649,16,696,-,-
2024-12-14 00:21:30,747,3043,1009,2649,16,696,-,-
2024-12-14 00:21:32,747,3043,1009,2649,16,696,-,-
2024-12-14 00:21:34,747,3043,1009,2649,16,696,-,-
2024-12-14 00:21:36,747,3043,1009,2649,16,696,-,-
2024-12-14 00:21:38,747,3043,1009,2649,16,696,-,-
2024-12-14 00:21:41,747,3043,1009,2649,16,696,-,-
2024-12-14 00:21:43,761,3044,1036,2651,23,695,-,-
2024-12-14 00:21:45,761,3044,1036,2651,23,695,-,-
2024-12-14 00:21:47,761,3044,1036,2651,23,695,-,-
2024-12-14 00:21:49,761,3044,1036,2651,23,695,-,-
2024-12-14 00:21:52,761,3044,1036,2651,23,695,-,-
2024-12-14 00:21:54,761,3044,1036,2651,23,695,-,-
2024-12-14 00:21:56,761,3044,1036,2651,23,695,-,-
2024-12-14 00:21:58,752,3049,1225,2947,29,696,-,-
2024-12-14 00:22:00,752,3049,1225,2947,29,696,-,-
2024-12-14 00:22:03,752,3049,1225,2947,29,696,-,-
2024-12-14 00:22:05,752,3049,1225,2947,29,696,-,-
2024-12-14 00:22:07,752,3049,1225,2947,29,696,-,-
2024-12-14 00:22:09,752,3049,1225,2947,29,696,-,-
2024-12-14 00:22:11,752,3049,1225,2947,29,696,-,-
2024-12-14 00:22:13,1521,3416,1323,2653,25,695,-,-
2024-12-14 00:22:16,1521,3416,1323,2653,25,695,-,-
2024-12-14 00:22:18,1521,3416,1323,2653,25,695,-,-
2024-12-14 00:22:20,1521,3416,1323,2653,25,695,-,-
2024-12-14 00:22:22,1521,3416,1323,2653,25,695,-,-
2024-12-14 00:22:24,1521,3416,1323,2653,25,695,-,-
2024-12-14 00:22:27,1521,3416,1323,2653,25,695,-,-
2024-12-14 00:22:29,867,3085,1034,2649,11,696,-,-
2024-12-14 00:22:31,867,3085,1034,2649,11,696,-,-
2024-12-14 00:22:33,867,3085,1034,2649,11,696,-,-
2024-12-14 00:22:35,867,3085,1034,2649,11,696,-,-
2024-12-14 00:22:38,867,3085,1034,2649,11,696,-,-
2024-12-14 00:22:40,867,3085,1034,2649,11,696,-,-
2024-12-14 00:22:42,867,3085,1034,2649,11,696,-,-
2024-12-14 00:22:44,794,3087,1081,2651,29,695,-,-
2024-12-14 00:22:46,794,3087,1081,2651,29,695,-,-
2024-12-14 00:22:48,794,3087,1081,2651,29,695,-,-
2024-12-14 00:22:51,794,3087,1081,2651,29,695,-,-
2024-12-14 00:22:53,794,3087,1081,2651,29,695,-,-
2024-12-14 00:22:55,794,3087,1081,2651,29,695,-,-
2024-12-14 00:22:57,782,3086,1074,2647,11,696,-,-
2024-12-14 00:22:59,782,3086,1074,2647,11,696,-,-
2024-12-14 00:23:01,782,3086,1074,2647,11,696,-,-
2024-12-14 00:23:04,782,3086,1074,2647,11,696,-,-
2024-12-14 00:23:06,782,3086,1074,2647,11,696,-,-
2024-12-14 00:23:08,782,3086,1074,2647,11,696,-,-
2024-12-14 00:23:10,782,3086,1074,2647,11,696,-,-
2024-12-14 00:23:12,1020,3381,1058,2665,24,695,-,-
2024-12-14 00:23:15,1020,3381,1058,2665,24,695,-,-
2024-12-14 00:23:17,1020,3381,1058,2665,24,695,-,-
2024-12-14 00:23:19,1020,3381,1058,2665,24,695,-,-
2024-12-14 00:23:21,1020,3381,1058,2665,24,695,-,-
2024-12-14 00:23:23,1020,3381,1058,2665,24,695,-,-
2024-12-14 00:23:26,1020,3381,1058,2665,24,695,-,-
2024-12-14 00:23:28,926,3087,1621,2938,10,696,-,-
2024-12-14 00:23:30,926,3087,1621,2938,10,696,-,-
2024-12-14 00:23:32,926,3087,1621,2938,10,696,-,-
2024-12-14 00:23:34,926,3087,1621,2938,10,696,-,-
2024-12-14 00:23:36,926,3087,1621,2938,10,696,-,-
2024-12-14 00:23:39,926,3087,1621,2938,10,696,-,-
2024-12-14 00:23:41,926,3087,1621,2938,10,696,-,-
2024-12-14 00:23:43,756,3088,1230,2648,26,695,-,-
2024-12-14 00:23:45,756,3088,1230,2648,26,695,-,-
2024-12-14 00:23:47,756,3088,1230,2648,26,695,-,-
2024-12-14 00:23:50,756,3088,1230,2648,26,695,-,-
2024-12-14 00:23:52,756,3088,1230,2648,26,695,-,-
2024-12-14 00:23:54,756,3088,1230,2648,26,695,-,-
2024-12-14 00:23:56,756,3088,1230,2648,26,695,-,-
2024-12-14 00:23:58,768,3088,1229,2919,9,696,-,-
2024-12-14 00:24:00,768,3088,1229,2919,9,696,-,-
2024-12-14 00:24:03,768,3088,1229,2919,9,696,-,-
2024-12-14 00:24:05,768,3088,1229,2919,9,696,-,-
2024-12-14 00:24:07,768,3088,1229,2919,9,696,-,-
2024-12-14 00:24:09,768,3088,1229,2919,9,696,-,-
2024-12-14 00:24:11,768,3088,1229,2919,9,696,-,-
2024-12-14 00:24:14,757,3089,1316,2671,27,695,-,-
2024-12-14 00:24:16,757,3089,1316,2671,27,695,-,-
2024-12-14 00:24:18,757,3089,1316,2671,27,695,-,-
2024-12-14 00:24:20,757,3089,1316,2671,27,695,-,-
2024-12-14 00:24:22,757,3089,1316,2671,27,695,-,-
2024-12-14 00:24:25,757,3089,1316,2671,27,695,-,-
2024-12-14 00:24:27,757,3089,1316,2671,27,695,-,-
2024-12-14 00:24:29,754,3089,1718,2942,8,696,-,-
2024-12-14 00:24:31,754,3089,1718,2942,8,696,-,-
2024-12-14 00:24:33,754,3089,1718,2942,8,696,-,-
2024-12-14 00:24:35,754,3089,1718,2942,8,696,-,-
2024-12-14 00:24:38,754,3089,1718,2942,8,696,-,-
2024-12-14 00:24:40,754,3089,1718,2942,8,696,-,-
2024-12-14 00:24:42,766,3093,1197,2648,32,696,-,-
2024-12-14 00:24:44,766,3093,1197,2648,32,696,-,-
2024-12-14 00:24:46,766,3093,1197,2648,32,696,-,-
2024-12-14 00:24:49,766,3093,1197,2648,32,696,-,-
2024-12-14 00:24:51,766,3093,1197,2648,32,696,-,-
2024-12-14 00:24:53,766,3093,1197,2648,32,696,-,-
2024-12-14 00:24:55,766,3093,1197,2648,32,696,-,-
2024-12-14 00:24:57,794,3096,1407,2673,15,696,-,-
2024-12-14 00:25:00,794,3096,1407,2673,15,696,-,-
2024-12-14 00:25:02,794,3096,1407,2673,15,696,-,-
2024-12-14 00:25:04,794,3096,1407,2673,15,696,-,-
2024-12-14 00:25:06,794,3096,1407,2673,15,696,-,-
2024-12-14 00:25:08,794,3096,1407,2673,15,696,-,-
2024-12-14 00:25:10,794,3096,1407,2673,15,696,-,-
2024-12-14 00:25:13,758,3097,978,2648,25,695,-,-
2024-12-14 00:25:15,758,3097,978,2648,25,695,-,-
2024-12-14 00:25:17,758,3097,978,2648,25,695,-,-
2024-12-14 00:25:19,758,3097,978,2648,25,695,-,-
2024-12-14 00:25:21,758,3097,978,2648,25,695,-,-
2024-12-14 00:25:24,758,3097,978,2648,25,695,-,-
2024-12-14 00:25:26,758,3097,978,2648,25,695,-,-
2024-12-14 00:25:28,763,3097,1003,2648,184,744,-,-
2024-12-14 00:25:30,763,3097,1003,2648,184,744,-,-
2024-12-14 00:25:32,763,3097,1003,2648,184,744,-,-
2024-12-14 00:25:34,763,3097,1003,2648,184,744,-,-
2024-12-14 00:25:37,763,3097,1003,2648,184,744,-,-
2024-12-14 00:25:39,763,3097,1003,2648,184,744,-,-
2024-12-14 00:25:41,763,3097,1003,2648,184,744,-,-
2024-12-14 00:25:43,777,3104,1100,2670,636,1021,-,-
2024-12-14 00:25:45,777,3104,1100,2670,636,1021,-,-
2024-12-14 00:25:48,777,3104,1100,2670,636,1021,-,-
2024-12-14 00:25:50,777,3104,1100,2670,636,1021,-,-
2024-12-14 00:25:52,777,3104,1100,2670,636,1021,-,-
2024-12-14 00:25:54,777,3104,1100,2670,636,1021,-,-
2024-12-14 00:25:56,777,3104,1100,2670,636,1021,-,-
2024-12-14 00:25:59,758,3099,1580,2733,83,696,-,-
2024-12-14 00:26:01,758,3099,1580,2733,83,696,-,-
2024-12-14 00:26:03,758,3099,1580,2733,83,696,-,-
2024-12-14 00:26:05,758,3099,1580,2733,83,696,-,-
2024-12-14 00:26:07,758,3099,1580,2733,83,696,-,-
2024-12-14 00:26:09,758,3099,1580,2733,83,696,-,-
2024-12-14 00:26:12,758,3099,1580,2733,83,696,-,-
2024-12-14 00:26:14,745,3100,1462,2973,34,696,-,-
2024-12-14 00:26:16,745,3100,1462,2973,34,696,-,-
2024-12-14 00:26:18,745,3100,1462,2973,34,696,-,-
2024-12-14 00:26:20,745,3100,1462,2973,34,696,-,-
2024-12-14 00:26:23,745,3100,1462,2973,34,696,-,-
2024-12-14 00:26:25,745,3100,1462,2973,34,696,-,-
2024-12-14 00:26:27,745,3100,1462,2973,34,696,-,-
2024-12-14 00:26:29,807,3100,1069,2650,10,696,-,-
2024-12-14 00:26:31,807,3100,1069,2650,10,696,-,-
2024-12-14 00:26:33,807,3100,1069,2650,10,696,-,-
2024-12-14 00:26:36,807,3100,1069,2650,10,696,-,-
2024-12-14 00:26:38,807,3100,1069,2650,10,696,-,-
2024-12-14 00:26:40,807,3100,1069,2650,10,696,-,-
2024-12-14 00:26:42,764,3101,1001,2650,28,696,-,-
2024-12-14 00:26:44,764,3101,1001,2650,28,696,-,-
2024-12-14 00:26:46,764,3101,1001,2650,28,696,-,-
2024-12-14 00:26:49,764,3101,1001,2650,28,696,-,-
2024-12-14 00:26:51,764,3101,1001,2650,28,696,-,-
2024-12-14 00:26:53,764,3101,1001,2650,28,696,-,-
2024-12-14 00:26:55,764,3101,1001,2650,28,696,-,-
2024-12-14 00:26:57,763,3101,1020,2676,11,696,-,-
2024-12-14 00:27:00,763,3101,1020,2676,11,696,-,-
2024-12-14 00:27:02,763,3101,1020,2676,11,696,-,-
2024-12-14 00:27:04,763,3101,1020,2676,11,696,-,-
2024-12-14 00:27:06,763,3101,1020,2676,11,696,-,-
2024-12-14 00:27:08,763,3101,1020,2676,11,696,-,-
2024-12-14 00:27:10,763,3101,1020,2676,11,696,-,-
2024-12-14 00:27:13,801,3104,976,2668,38,696,-,-
2024-12-14 00:27:15,801,3104,976,2668,38,696,-,-
2024-12-14 00:27:17,801,3104,976,2668,38,696,-,-
2024-12-14 00:27:19,801,3104,976,2668,38,696,-,-
2024-12-14 00:27:21,801,3104,976,2668,38,696,-,-
2024-12-14 00:27:24,801,3104,976,2668,38,696,-,-
2024-12-14 00:27:26,801,3104,976,2668,38,696,-,-
2024-12-14 00:27:28,1563,3504,1467,2651,9,696,-,-
2024-12-14 00:27:30,1563,3504,1467,2651,9,696,-,-
2024-12-14 00:27:32,1563,3504,1467,2651,9,696,-,-
2024-12-14 00:27:34,1563,3504,1467,2651,9,696,-,-
2024-12-14 00:27:37,1563,3504,1467,2651,9,696,-,-
2024-12-14 00:27:39,1563,3504,1467,2651,9,696,-,-
2024-12-14 00:27:41,1563,3504,1467,2651,9,696,-,-
2024-12-14 00:27:43,1112,3142,1059,2648,25,696,-,-
2024-12-14 00:27:45,1112,3142,1059,2648,25,696,-,-
2024-12-14 00:27:47,1112,3142,1059,2648,25,696,-,-
2024-12-14 00:27:50,1112,3142,1059,2648,25,696,-,-
2024-12-14 00:27:52,1112,3142,1059,2648,25,696,-,-
2024-12-14 00:27:54,1112,3142,1059,2648,25,696,-,-
2024-12-14 00:27:56,1112,3142,1059,2648,25,696,-,-
2024-12-14 00:27:58,767,3106,1071,2648,15,696,-,-
2024-12-14 00:28:01,767,3106,1071,2648,15,696,-,-
2024-12-14 00:28:03,767,3106,1071,2648,15,696,-,-
2024-12-14 00:28:05,767,3106,1071,2648,15,696,-,-
2024-12-14 00:28:07,767,3106,1071,2648,15,696,-,-
2024-12-14 00:28:09,767,3106,1071,2648,15,696,-,-
2024-12-14 00:28:11,767,3106,1071,2648,15,696,-,-
2024-12-14 00:28:14,756,3105,1013,2673,24,696,-,-
2024-12-14 00:28:16,756,3105,1013,2673,24,696,-,-
2024-12-14 00:28:18,756,3105,1013,2673,24,696,-,-
2024-12-14 00:28:20,756,3105,1013,2673,24,696,-,-
2024-12-14 00:28:22,756,3105,1013,2673,24,696,-,-
2024-12-14 00:28:25,756,3105,1013,2673,24,696,-,-
2024-12-14 00:28:27,756,3105,1013,2673,24,696,-,-
2024-12-14 00:28:29,975,3171,1022,2649,11,696,-,-
2024-12-14 00:28:31,975,3171,1022,2649,11,696,-,-
2024-12-14 00:28:33,975,3171,1022,2649,11,696,-,-
2024-12-14 00:28:36,975,3171,1022,2649,11,696,-,-
2024-12-14 00:28:38,975,3171,1022,2649,11,696,-,-
2024-12-14 00:28:40,975,3171,1022,2649,11,696,-,-
2024-12-14 00:28:42,1009,3108,1342,2754,25,696,-,-
2024-12-14 00:28:44,1009,3108,1342,2754,25,696,-,-
2024-12-14 00:28:47,1009,3108,1342,2754,25,696,-,-
2024-12-14 00:28:49,1009,3108,1342,2754,25,696,-,-
2024-12-14 00:28:51,1009,3108,1342,2754,25,696,-,-
2024-12-14 00:28:53,1009,3108,1342,2754,25,696,-,-
2024-12-14 00:28:55,1009,3108,1342,2754,25,696,-,-
2024-12-14 00:28:57,758,3108,1701,3021,10,696,-,-
2024-12-14 00:29:00,758,3108,1701,3021,10,696,-,-
2024-12-14 00:29:02,758,3108,1701,3021,10,696,-,-
2024-12-14 00:29:04,758,3108,1701,3021,10,696,-,-
2024-12-14 00:29:06,758,3108,1701,3021,10,696,-,-
2024-12-14 00:29:08,758,3108,1701,3021,10,696,-,-
2024-12-14 00:29:10,758,3108,1701,3021,10,696,-,-
2024-12-14 00:29:13,766,3109,987,2650,30,696,-,-
2024-12-14 00:29:15,766,3109,987,2650,30,696,-,-
2024-12-14 00:29:17,766,3109,987,2650,30,696,-,-
2024-12-14 00:29:19,766,3109,987,2650,30,696,-,-
2024-12-14 00:29:21,766,3109,987,2650,30,696,-,-
2024-12-14 00:29:24,766,3109,987,2650,30,696,-,-
2024-12-14 00:29:26,766,3109,987,2650,30,696,-,-
2024-12-14 00:29:28,753,3109,1386,2973,8,696,-,-
2024-12-14 00:29:30,753,3109,1386,2973,8,696,-,-
2024-12-14 00:29:32,753,3109,1386,2973,8,696,-,-
2024-12-14 00:29:35,753,3109,1386,2973,8,696,-,-
2024-12-14 00:29:37,753,3109,1386,2973,8,696,-,-
2024-12-14 00:29:39,753,3109,1386,2973,8,696,-,-
2024-12-14 00:29:41,753,3109,1386,2973,8,696,-,-
2024-12-14 00:29:43,769,3116,1658,2952,23,696,-,-
2024-12-14 00:29:46,769,3116,1658,2952,23,696,-,-
2024-12-14 00:29:48,769,3116,1658,2952,23,696,-,-
2024-12-14 00:29:50,769,3116,1658,2952,23,696,-,-
2024-12-14 00:29:52,769,3116,1658,2952,23,696,-,-
2024-12-14 00:29:54,769,3116,1658,2952,23,696,-,-
2024-12-14 00:29:56,769,3116,1658,2952,23,696,-,-
2024-12-14 00:29:59,754,3116,1574,2667,21,697,-,-
2024-12-14 00:30:01,754,3116,1574,2667,21,697,-,-
2024-12-14 00:30:03,754,3116,1574,2667,21,697,-,-
2024-12-14 00:30:05,754,3116,1574,2667,21,697,-,-
2024-12-14 00:30:07,754,3116,1574,2667,21,697,-,-
2024-12-14 00:30:10,754,3116,1574,2667,21,697,-,-
2024-12-14 00:30:12,754,3116,1574,2667,21,697,-,-
2024-12-14 00:30:14,748,3117,1118,2702,28,708,-,-
2024-12-14 00:30:16,748,3117,1118,2702,28,708,-,-
2024-12-14 00:30:18,748,3117,1118,2702,28,708,-,-
2024-12-14 00:30:21,748,3117,1118,2702,28,708,-,-
2024-12-14 00:30:23,748,3117,1118,2702,28,708,-,-
2024-12-14 00:30:25,748,3117,1118,2702,28,708,-,-
2024-12-14 00:30:27,811,3119,1301,2650,19,696,-,-
2024-12-14 00:30:29,811,3119,1301,2650,19,696,-,-
2024-12-14 00:30:31,811,3119,1301,2650,19,696,-,-
2024-12-14 00:30:34,811,3119,1301,2650,19,696,-,-
2024-12-14 00:30:36,811,3119,1301,2650,19,696,-,-
2024-12-14 00:30:38,811,3119,1301,2650,19,696,-,-
2024-12-14 00:30:40,811,3119,1301,2650,19,696,-,-
2024-12-14 00:30:42,765,3121,1031,2649,207,967,-,-
2024-12-14 00:30:45,765,3121,1031,2649,207,967,-,-
2024-12-14 00:30:47,765,3121,1031,2649,207,967,-,-
2024-12-14 00:30:49,765,3121,1031,2649,207,967,-,-
2024-12-14 00:30:51,765,3121,1031,2649,207,967,-,-
2024-12-14 00:30:53,765,3121,1031,2649,207,967,-,-
2024-12-14 00:30:55,765,3121,1031,2649,207,967,-,-
2024-12-14 00:30:58,778,3121,1112,2673,841,976,-,-
2024-12-14 00:31:00,778,3121,1112,2673,841,976,-,-
2024-12-14 00:31:02,778,3121,1112,2673,841,976,-,-
2024-12-14 00:31:04,778,3121,1112,2673,841,976,-,-
2024-12-14 00:31:06,778,3121,1112,2673,841,976,-,-
2024-12-14 00:31:09,778,3121,1112,2673,841,976,-,-
2024-12-14 00:31:11,778,3121,1112,2673,841,976,-,-
2024-12-14 00:31:13,760,3133,1461,3002,98,696,-,-
2024-12-14 00:31:15,760,3133,1461,3002,98,696,-,-
2024-12-14 00:31:17,760,3133,1461,3002,98,696,-,-
2024-12-14 00:31:19,760,3133,1461,3002,98,696,-,-
2024-12-14 00:31:22,760,3133,1461,3002,98,696,-,-
2024-12-14 00:31:24,760,3133,1461,3002,98,696,-,-
2024-12-14 00:31:26,760,3133,1461,3002,98,696,-,-
2024-12-14 00:31:28,764,3133,1514,2963,40,696,-,-
