Start,End,Tweet Count
5/7/2023 19:56,5/7/2023 19:57,39
5/7/2023 19:57,5/7/2023 19:58,23
5/7/2023 19:58,5/7/2023 19:59,30
5/7/2023 19:59,5/7/2023 20:00,24
5/7/2023 20:00,5/7/2023 20:01,23
5/7/2023 20:01,5/7/2023 20:02,28
5/7/2023 20:02,5/7/2023 20:03,23
5/7/2023 20:03,5/7/2023 20:04,25
5/7/2023 20:04,5/7/2023 20:05,22
5/7/2023 20:05,5/7/2023 20:06,18
5/7/2023 20:06,5/7/2023 20:07,31
5/7/2023 20:07,5/7/2023 20:08,26
5/7/2023 20:08,5/7/2023 20:09,28
5/7/2023 20:09,5/7/2023 20:10,31
5/7/2023 20:10,5/7/2023 20:11,28
5/7/2023 20:11,5/7/2023 20:12,24
5/7/2023 20:12,5/7/2023 20:13,31
5/7/2023 20:13,5/7/2023 20:14,30
5/7/2023 20:14,5/7/2023 20:15,32
5/7/2023 20:15,5/7/2023 20:16,29
5/7/2023 20:16,5/7/2023 20:17,29
5/7/2023 20:17,5/7/2023 20:18,25
5/7/2023 20:18,5/7/2023 20:19,29
5/7/2023 20:19,5/7/2023 20:20,26
5/7/2023 20:20,5/7/2023 20:21,25
5/7/2023 20:21,5/7/2023 20:22,18
5/7/2023 20:22,5/7/2023 20:23,27
5/7/2023 20:23,5/7/2023 20:24,13
5/7/2023 20:24,5/7/2023 20:25,27
5/7/2023 20:25,5/7/2023 20:26,32
5/7/2023 20:26,5/7/2023 20:27,26
5/7/2023 20:27,5/7/2023 20:28,30
5/7/2023 20:28,5/7/2023 20:29,22
5/7/2023 20:29,5/7/2023 20:30,16
5/7/2023 20:30,5/7/2023 20:31,38
5/7/2023 20:31,5/7/2023 20:32,34
5/7/2023 20:32,5/7/2023 20:33,29
5/7/2023 20:33,5/7/2023 20:34,20
5/7/2023 20:34,5/7/2023 20:35,38
5/7/2023 20:35,5/7/2023 20:36,27
5/7/2023 20:36,5/7/2023 20:37,33
5/7/2023 20:37,5/7/2023 20:38,40
5/7/2023 20:38,5/7/2023 20:39,20
5/7/2023 20:39,5/7/2023 20:40,43
5/7/2023 20:40,5/7/2023 20:41,27
5/7/2023 20:41,5/7/2023 20:42,15
5/7/2023 20:42,5/7/2023 20:43,18
5/7/2023 20:43,5/7/2023 20:44,29
5/7/2023 20:44,5/7/2023 20:45,21
5/7/2023 20:45,5/7/2023 20:46,14
5/7/2023 20:46,5/7/2023 20:47,26
5/7/2023 20:47,5/7/2023 20:48,24
5/7/2023 20:48,5/7/2023 20:49,34
5/7/2023 20:49,5/7/2023 20:50,20
5/7/2023 20:50,5/7/2023 20:51,24
5/7/2023 20:51,5/7/2023 20:52,26
5/7/2023 20:52,5/7/2023 20:53,17
5/7/2023 20:53,5/7/2023 20:54,20
5/7/2023 20:54,5/7/2023 20:55,19
5/7/2023 20:55,5/7/2023 20:56,28
5/7/2023 20:56,5/7/2023 20:57,22
5/7/2023 20:57,5/7/2023 20:58,22
5/7/2023 20:58,5/7/2023 20:59,21
5/7/2023 20:59,5/7/2023 21:00,26
5/7/2023 21:00,5/7/2023 21:01,26
5/7/2023 21:01,5/7/2023 21:02,24
5/7/2023 21:02,5/7/2023 21:03,30
5/7/2023 21:03,5/7/2023 21:04,25
5/7/2023 21:04,5/7/2023 21:05,24
5/7/2023 21:05,5/7/2023 21:06,23
5/7/2023 21:06,5/7/2023 21:07,17
5/7/2023 21:07,5/7/2023 21:08,18
5/7/2023 21:08,5/7/2023 21:09,19
5/7/2023 21:09,5/7/2023 21:10,28
5/7/2023 21:10,5/7/2023 21:11,22
5/7/2023 21:11,5/7/2023 21:12,20
5/7/2023 21:12,5/7/2023 21:13,19
5/7/2023 21:13,5/7/2023 21:14,21
5/7/2023 21:14,5/7/2023 21:15,26
5/7/2023 21:15,5/7/2023 21:16,22
5/7/2023 21:16,5/7/2023 21:17,26
5/7/2023 21:17,5/7/2023 21:18,21
5/7/2023 21:18,5/7/2023 21:19,17
5/7/2023 21:19,5/7/2023 21:20,24
5/7/2023 21:20,5/7/2023 21:21,11
5/7/2023 21:21,5/7/2023 21:22,21
5/7/2023 21:22,5/7/2023 21:23,15
5/7/2023 21:23,5/7/2023 21:24,29
5/7/2023 21:24,5/7/2023 21:25,11
5/7/2023 21:25,5/7/2023 21:26,24
5/7/2023 21:26,5/7/2023 21:27,22
5/7/2023 21:27,5/7/2023 21:28,21
5/7/2023 21:28,5/7/2023 21:29,23
5/7/2023 21:29,5/7/2023 21:30,27
5/7/2023 21:30,5/7/2023 21:31,22
5/7/2023 21:31,5/7/2023 21:32,22
5/7/2023 21:32,5/7/2023 21:33,16
5/7/2023 21:33,5/7/2023 21:34,21
5/7/2023 21:34,5/7/2023 21:35,23
5/7/2023 21:35,5/7/2023 21:36,21
5/7/2023 21:36,5/7/2023 21:37,13
5/7/2023 21:37,5/7/2023 21:38,19
5/7/2023 21:38,5/7/2023 21:39,12
5/7/2023 21:39,5/7/2023 21:40,20
5/7/2023 21:40,5/7/2023 21:41,20
5/7/2023 21:41,5/7/2023 21:42,21
5/7/2023 21:42,5/7/2023 21:43,15
5/7/2023 21:43,5/7/2023 21:44,16
5/7/2023 21:44,5/7/2023 21:45,22
5/7/2023 21:45,5/7/2023 21:46,29
5/7/2023 21:46,5/7/2023 21:47,30
5/7/2023 21:47,5/7/2023 21:48,21
5/7/2023 21:48,5/7/2023 21:49,17
5/7/2023 21:49,5/7/2023 21:50,16
5/7/2023 21:50,5/7/2023 21:51,17
5/7/2023 21:51,5/7/2023 21:52,21
5/7/2023 21:52,5/7/2023 21:53,20
5/7/2023 21:53,5/7/2023 21:54,14
5/7/2023 21:54,5/7/2023 21:55,34
5/7/2023 21:55,5/7/2023 21:56,22
5/7/2023 21:56,5/7/2023 21:57,25
5/7/2023 21:57,5/7/2023 21:58,20
5/7/2023 21:58,5/7/2023 21:59,19
5/7/2023 21:59,5/7/2023 22:00,27
5/7/2023 22:00,5/7/2023 22:01,21
5/7/2023 22:01,5/7/2023 22:02,34
5/7/2023 22:02,5/7/2023 22:03,27
5/7/2023 22:03,5/7/2023 22:04,17
5/7/2023 22:04,5/7/2023 22:05,19
5/7/2023 22:05,5/7/2023 22:06,17
5/7/2023 22:06,5/7/2023 22:07,17
5/7/2023 22:07,5/7/2023 22:08,17
5/7/2023 22:08,5/7/2023 22:09,19
5/7/2023 22:09,5/7/2023 22:10,22
5/7/2023 22:10,5/7/2023 22:11,14
5/7/2023 22:11,5/7/2023 22:12,16
5/7/2023 22:12,5/7/2023 22:13,16
5/7/2023 22:13,5/7/2023 22:14,20
5/7/2023 22:14,5/7/2023 22:15,22
5/7/2023 22:15,5/7/2023 22:16,24
5/7/2023 22:16,5/7/2023 22:17,22
5/7/2023 22:17,5/7/2023 22:18,18
5/7/2023 22:18,5/7/2023 22:19,18
5/7/2023 22:19,5/7/2023 22:20,18
5/7/2023 22:20,5/7/2023 22:21,19
5/7/2023 22:21,5/7/2023 22:22,21
5/7/2023 22:22,5/7/2023 22:23,12
5/7/2023 22:23,5/7/2023 22:24,16
5/7/2023 22:24,5/7/2023 22:25,22
5/7/2023 22:25,5/7/2023 22:26,19
5/7/2023 22:26,5/7/2023 22:27,17
5/7/2023 22:27,5/7/2023 22:28,24
5/7/2023 22:28,5/7/2023 22:29,21
5/7/2023 22:29,5/7/2023 22:30,16
5/7/2023 22:30,5/7/2023 22:31,24
5/7/2023 22:31,5/7/2023 22:32,26
5/7/2023 22:32,5/7/2023 22:33,20
5/7/2023 22:33,5/7/2023 22:34,15
5/7/2023 22:34,5/7/2023 22:35,24
5/7/2023 22:35,5/7/2023 22:36,17
5/7/2023 22:36,5/7/2023 22:37,18
5/7/2023 22:37,5/7/2023 22:38,14
5/7/2023 22:38,5/7/2023 22:39,25
5/7/2023 22:39,5/7/2023 22:40,17
5/7/2023 22:40,5/7/2023 22:41,28
5/7/2023 22:41,5/7/2023 22:42,17
5/7/2023 22:42,5/7/2023 22:43,18
5/7/2023 22:43,5/7/2023 22:44,22
5/7/2023 22:44,5/7/2023 22:45,24
5/7/2023 22:45,5/7/2023 22:46,14
5/7/2023 22:46,5/7/2023 22:47,17
5/7/2023 22:47,5/7/2023 22:48,17
5/7/2023 22:48,5/7/2023 22:49,18
5/7/2023 22:49,5/7/2023 22:50,16
5/7/2023 22:50,5/7/2023 22:51,13
5/7/2023 22:51,5/7/2023 22:52,17
5/7/2023 22:52,5/7/2023 22:53,14
5/7/2023 22:53,5/7/2023 22:54,16
5/7/2023 22:54,5/7/2023 22:55,16
5/7/2023 22:55,5/7/2023 22:56,16
5/7/2023 22:56,5/7/2023 22:57,15
5/7/2023 22:57,5/7/2023 22:58,22
5/7/2023 22:58,5/7/2023 22:59,18
5/7/2023 22:59,5/7/2023 23:00,24
5/7/2023 23:00,5/7/2023 23:01,21
5/7/2023 23:01,5/7/2023 23:02,18
5/7/2023 23:02,5/7/2023 23:03,13
5/7/2023 23:03,5/7/2023 23:04,18
5/7/2023 23:04,5/7/2023 23:05,19
5/7/2023 23:05,5/7/2023 23:06,28
5/7/2023 23:06,5/7/2023 23:07,11
5/7/2023 23:07,5/7/2023 23:08,25
5/7/2023 23:08,5/7/2023 23:09,18
5/7/2023 23:09,5/7/2023 23:10,19
5/7/2023 23:10,5/7/2023 23:11,25
5/7/2023 23:11,5/7/2023 23:12,30
5/7/2023 23:12,5/7/2023 23:13,17
5/7/2023 23:13,5/7/2023 23:14,18
5/7/2023 23:14,5/7/2023 23:15,23
5/7/2023 23:15,5/7/2023 23:16,25
5/7/2023 23:16,5/7/2023 23:17,20
5/7/2023 23:17,5/7/2023 23:18,17
5/7/2023 23:18,5/7/2023 23:19,21
5/7/2023 23:19,5/7/2023 23:20,21
5/7/2023 23:20,5/7/2023 23:21,22
5/7/2023 23:21,5/7/2023 23:22,23
5/7/2023 23:22,5/7/2023 23:23,16
5/7/2023 23:23,5/7/2023 23:24,16
5/7/2023 23:24,5/7/2023 23:25,26
5/7/2023 23:25,5/7/2023 23:26,23
5/7/2023 23:26,5/7/2023 23:27,19
5/7/2023 23:27,5/7/2023 23:28,27
5/7/2023 23:28,5/7/2023 23:29,16
5/7/2023 23:29,5/7/2023 23:30,17
5/7/2023 23:30,5/7/2023 23:31,16
5/7/2023 23:31,5/7/2023 23:32,21
5/7/2023 23:32,5/7/2023 23:33,24
5/7/2023 23:33,5/7/2023 23:34,25
5/7/2023 23:34,5/7/2023 23:35,27
5/7/2023 23:35,5/7/2023 23:36,32
5/7/2023 23:36,5/7/2023 23:37,28
5/7/2023 23:37,5/7/2023 23:38,24
5/7/2023 23:38,5/7/2023 23:39,27
5/7/2023 23:39,5/7/2023 23:40,24
5/7/2023 23:40,5/7/2023 23:41,30
5/7/2023 23:41,5/7/2023 23:42,20
5/7/2023 23:42,5/7/2023 23:43,16
5/7/2023 23:43,5/7/2023 23:44,25
5/7/2023 23:44,5/7/2023 23:45,27
5/7/2023 23:45,5/7/2023 23:46,25
5/7/2023 23:46,5/7/2023 23:47,25
5/7/2023 23:47,5/7/2023 23:48,23
5/7/2023 23:48,5/7/2023 23:49,29
5/7/2023 23:49,5/7/2023 23:50,18
5/7/2023 23:50,5/7/2023 23:51,17
5/7/2023 23:51,5/7/2023 23:52,23
5/7/2023 23:52,5/7/2023 23:53,26
5/7/2023 23:53,5/7/2023 23:54,29
5/7/2023 23:54,5/7/2023 23:55,24
5/7/2023 23:55,5/7/2023 23:56,26
5/7/2023 23:56,5/7/2023 23:57,20
5/7/2023 23:57,5/7/2023 23:58,18
5/7/2023 23:58,5/7/2023 23:59,22
5/7/2023 23:59,5/8/2023 0:00,25
5/8/2023 0:00,5/8/2023 0:01,33
5/8/2023 0:01,5/8/2023 0:02,22
5/8/2023 0:02,5/8/2023 0:03,23
5/8/2023 0:03,5/8/2023 0:04,21
5/8/2023 0:04,5/8/2023 0:05,19
5/8/2023 0:05,5/8/2023 0:06,24
5/8/2023 0:06,5/8/2023 0:07,16
5/8/2023 0:07,5/8/2023 0:08,29
5/8/2023 0:08,5/8/2023 0:09,19
5/8/2023 0:09,5/8/2023 0:10,27
5/8/2023 0:10,5/8/2023 0:11,25
5/8/2023 0:11,5/8/2023 0:12,26
5/8/2023 0:12,5/8/2023 0:13,29
5/8/2023 0:13,5/8/2023 0:14,17
5/8/2023 0:14,5/8/2023 0:15,23
5/8/2023 0:15,5/8/2023 0:16,32
5/8/2023 0:16,5/8/2023 0:17,16
5/8/2023 0:17,5/8/2023 0:18,20
5/8/2023 0:18,5/8/2023 0:19,31
5/8/2023 0:19,5/8/2023 0:20,22
5/8/2023 0:20,5/8/2023 0:21,19
5/8/2023 0:21,5/8/2023 0:22,25
5/8/2023 0:22,5/8/2023 0:23,29
5/8/2023 0:23,5/8/2023 0:24,22
5/8/2023 0:24,5/8/2023 0:25,25
5/8/2023 0:25,5/8/2023 0:26,21
5/8/2023 0:26,5/8/2023 0:27,28
5/8/2023 0:27,5/8/2023 0:28,28
5/8/2023 0:28,5/8/2023 0:29,16
5/8/2023 0:29,5/8/2023 0:30,24
5/8/2023 0:30,5/8/2023 0:31,32
5/8/2023 0:31,5/8/2023 0:32,27
5/8/2023 0:32,5/8/2023 0:33,22
5/8/2023 0:33,5/8/2023 0:34,32
5/8/2023 0:34,5/8/2023 0:35,17
5/8/2023 0:35,5/8/2023 0:36,27
5/8/2023 0:36,5/8/2023 0:37,30
5/8/2023 0:37,5/8/2023 0:38,29
5/8/2023 0:38,5/8/2023 0:39,34
5/8/2023 0:39,5/8/2023 0:40,31
5/8/2023 0:40,5/8/2023 0:41,28
5/8/2023 0:41,5/8/2023 0:42,33
5/8/2023 0:42,5/8/2023 0:43,37
5/8/2023 0:43,5/8/2023 0:44,26
5/8/2023 0:44,5/8/2023 0:45,28
5/8/2023 0:45,5/8/2023 0:46,29
5/8/2023 0:46,5/8/2023 0:47,36
5/8/2023 0:47,5/8/2023 0:48,20
5/8/2023 0:48,5/8/2023 0:49,30
5/8/2023 0:49,5/8/2023 0:50,32
5/8/2023 0:50,5/8/2023 0:51,29
5/8/2023 0:51,5/8/2023 0:52,22
5/8/2023 0:52,5/8/2023 0:53,44
5/8/2023 0:53,5/8/2023 0:54,21
5/8/2023 0:54,5/8/2023 0:55,25
5/8/2023 0:55,5/8/2023 0:56,24
5/8/2023 0:56,5/8/2023 0:57,35
5/8/2023 0:57,5/8/2023 0:58,26
5/8/2023 0:58,5/8/2023 0:59,19
5/8/2023 0:59,5/8/2023 1:00,25
5/8/2023 1:00,5/8/2023 1:01,24
5/8/2023 1:01,5/8/2023 1:02,27
5/8/2023 1:02,5/8/2023 1:03,20
5/8/2023 1:03,5/8/2023 1:04,29
5/8/2023 1:04,5/8/2023 1:05,18
5/8/2023 1:05,5/8/2023 1:06,22
5/8/2023 1:06,5/8/2023 1:07,28
5/8/2023 1:07,5/8/2023 1:08,26
5/8/2023 1:08,5/8/2023 1:09,21
5/8/2023 1:09,5/8/2023 1:10,29
5/8/2023 1:10,5/8/2023 1:11,30
5/8/2023 1:11,5/8/2023 1:12,33
5/8/2023 1:12,5/8/2023 1:13,29
5/8/2023 1:13,5/8/2023 1:14,38
5/8/2023 1:14,5/8/2023 1:15,50
5/8/2023 1:15,5/8/2023 1:16,48
5/8/2023 1:16,5/8/2023 1:17,32
5/8/2023 1:17,5/8/2023 1:18,24
5/8/2023 1:18,5/8/2023 1:19,33
5/8/2023 1:19,5/8/2023 1:20,27
5/8/2023 1:20,5/8/2023 1:21,45
5/8/2023 1:21,5/8/2023 1:22,31
5/8/2023 1:22,5/8/2023 1:23,32
5/8/2023 1:23,5/8/2023 1:24,32
5/8/2023 1:24,5/8/2023 1:25,25
5/8/2023 1:25,5/8/2023 1:26,32
5/8/2023 1:26,5/8/2023 1:27,30
5/8/2023 1:27,5/8/2023 1:28,27
5/8/2023 1:28,5/8/2023 1:29,24
5/8/2023 1:29,5/8/2023 1:30,35
5/8/2023 1:30,5/8/2023 1:31,35
5/8/2023 1:31,5/8/2023 1:32,28
5/8/2023 1:32,5/8/2023 1:33,27
5/8/2023 1:33,5/8/2023 1:34,37
5/8/2023 1:34,5/8/2023 1:35,37
5/8/2023 1:35,5/8/2023 1:36,33
5/8/2023 1:36,5/8/2023 1:37,27
5/8/2023 1:37,5/8/2023 1:38,36
5/8/2023 1:38,5/8/2023 1:39,36
5/8/2023 1:39,5/8/2023 1:40,29
5/8/2023 1:40,5/8/2023 1:41,42
5/8/2023 1:41,5/8/2023 1:42,35
5/8/2023 1:42,5/8/2023 1:43,52
5/8/2023 1:43,5/8/2023 1:44,44
5/8/2023 1:44,5/8/2023 1:45,44
5/8/2023 1:45,5/8/2023 1:46,54
5/8/2023 1:46,5/8/2023 1:47,45
5/8/2023 1:47,5/8/2023 1:48,31
5/8/2023 1:48,5/8/2023 1:49,35
5/8/2023 1:49,5/8/2023 1:50,22
5/8/2023 1:50,5/8/2023 1:51,35
5/8/2023 1:51,5/8/2023 1:52,44
5/8/2023 1:52,5/8/2023 1:53,26
5/8/2023 1:53,5/8/2023 1:54,42
5/8/2023 1:54,5/8/2023 1:55,34
5/8/2023 1:55,5/8/2023 1:56,32
5/8/2023 1:56,5/8/2023 1:57,33
5/8/2023 1:57,5/8/2023 1:58,47
5/8/2023 1:58,5/8/2023 1:59,38
5/8/2023 1:59,5/8/2023 2:00,40
5/8/2023 2:00,5/8/2023 2:01,47
5/8/2023 2:01,5/8/2023 2:02,37
5/8/2023 2:02,5/8/2023 2:03,43
5/8/2023 2:03,5/8/2023 2:04,43
5/8/2023 2:04,5/8/2023 2:05,34
5/8/2023 2:05,5/8/2023 2:06,37
5/8/2023 2:06,5/8/2023 2:07,24
5/8/2023 2:07,5/8/2023 2:08,39
5/8/2023 2:08,5/8/2023 2:09,37
5/8/2023 2:09,5/8/2023 2:10,45
5/8/2023 2:10,5/8/2023 2:11,31
5/8/2023 2:11,5/8/2023 2:12,42
5/8/2023 2:12,5/8/2023 2:13,37
5/8/2023 2:13,5/8/2023 2:14,40
5/8/2023 2:14,5/8/2023 2:15,37
5/8/2023 2:15,5/8/2023 2:16,30
5/8/2023 2:16,5/8/2023 2:17,29
5/8/2023 2:17,5/8/2023 2:18,40
5/8/2023 2:18,5/8/2023 2:19,39
5/8/2023 2:19,5/8/2023 2:20,39
5/8/2023 2:20,5/8/2023 2:21,38
5/8/2023 2:21,5/8/2023 2:22,36
5/8/2023 2:22,5/8/2023 2:23,28
5/8/2023 2:23,5/8/2023 2:24,31
5/8/2023 2:24,5/8/2023 2:25,49
5/8/2023 2:25,5/8/2023 2:26,37
5/8/2023 2:26,5/8/2023 2:27,32
5/8/2023 2:27,5/8/2023 2:28,45
5/8/2023 2:28,5/8/2023 2:29,28
5/8/2023 2:29,5/8/2023 2:30,22
5/8/2023 2:30,5/8/2023 2:31,36
5/8/2023 2:31,5/8/2023 2:32,38
5/8/2023 2:32,5/8/2023 2:33,30
5/8/2023 2:33,5/8/2023 2:34,28
5/8/2023 2:34,5/8/2023 2:35,32
5/8/2023 2:35,5/8/2023 2:36,32
5/8/2023 2:36,5/8/2023 2:37,36
5/8/2023 2:37,5/8/2023 2:38,27
5/8/2023 2:38,5/8/2023 2:39,43
5/8/2023 2:39,5/8/2023 2:40,30
5/8/2023 2:40,5/8/2023 2:41,34
5/8/2023 2:41,5/8/2023 2:42,26
5/8/2023 2:42,5/8/2023 2:43,48
5/8/2023 2:43,5/8/2023 2:44,35
5/8/2023 2:44,5/8/2023 2:45,44
5/8/2023 2:45,5/8/2023 2:46,32
5/8/2023 2:46,5/8/2023 2:47,39
5/8/2023 2:47,5/8/2023 2:48,47
5/8/2023 2:48,5/8/2023 2:49,49
5/8/2023 2:49,5/8/2023 2:50,42
5/8/2023 2:50,5/8/2023 2:51,37
5/8/2023 2:51,5/8/2023 2:52,31
5/8/2023 2:52,5/8/2023 2:53,29
5/8/2023 2:53,5/8/2023 2:54,28
5/8/2023 2:54,5/8/2023 2:55,28
5/8/2023 2:55,5/8/2023 2:56,37
5/8/2023 2:56,5/8/2023 2:57,33
5/8/2023 2:57,5/8/2023 2:58,33
5/8/2023 2:58,5/8/2023 2:59,29
5/8/2023 2:59,5/8/2023 3:00,40
5/8/2023 3:00,5/8/2023 3:01,40
5/8/2023 3:01,5/8/2023 3:02,43
5/8/2023 3:02,5/8/2023 3:03,53
5/8/2023 3:03,5/8/2023 3:04,54
5/8/2023 3:04,5/8/2023 3:05,57
5/8/2023 3:05,5/8/2023 3:06,32
5/8/2023 3:06,5/8/2023 3:07,51
5/8/2023 3:07,5/8/2023 3:08,54
5/8/2023 3:08,5/8/2023 3:09,46
5/8/2023 3:09,5/8/2023 3:10,42
5/8/2023 3:10,5/8/2023 3:11,38
5/8/2023 3:11,5/8/2023 3:12,35
5/8/2023 3:12,5/8/2023 3:13,42
5/8/2023 3:13,5/8/2023 3:14,43
5/8/2023 3:14,5/8/2023 3:15,38
5/8/2023 3:15,5/8/2023 3:16,53
5/8/2023 3:16,5/8/2023 3:17,43
5/8/2023 3:17,5/8/2023 3:18,31
5/8/2023 3:18,5/8/2023 3:19,53
5/8/2023 3:19,5/8/2023 3:20,39
5/8/2023 3:20,5/8/2023 3:21,33
5/8/2023 3:21,5/8/2023 3:22,41
5/8/2023 3:22,5/8/2023 3:23,33
5/8/2023 3:23,5/8/2023 3:24,47
5/8/2023 3:24,5/8/2023 3:25,43
5/8/2023 3:25,5/8/2023 3:26,44
5/8/2023 3:26,5/8/2023 3:27,46
5/8/2023 3:27,5/8/2023 3:28,51
5/8/2023 3:28,5/8/2023 3:29,39
5/8/2023 3:29,5/8/2023 3:30,57
5/8/2023 3:30,5/8/2023 3:31,54
5/8/2023 3:31,5/8/2023 3:32,42
5/8/2023 3:32,5/8/2023 3:33,42
5/8/2023 3:33,5/8/2023 3:34,57
5/8/2023 3:34,5/8/2023 3:35,46
5/8/2023 3:35,5/8/2023 3:36,56
5/8/2023 3:36,5/8/2023 3:37,47
5/8/2023 3:37,5/8/2023 3:38,54
5/8/2023 3:38,5/8/2023 3:39,37
5/8/2023 3:39,5/8/2023 3:40,54
5/8/2023 3:40,5/8/2023 3:41,47
5/8/2023 3:41,5/8/2023 3:42,41
5/8/2023 3:42,5/8/2023 3:43,47
5/8/2023 3:43,5/8/2023 3:44,42
5/8/2023 3:44,5/8/2023 3:45,48
5/8/2023 3:45,5/8/2023 3:46,44
5/8/2023 3:46,5/8/2023 3:47,39
5/8/2023 3:47,5/8/2023 3:48,42
5/8/2023 3:48,5/8/2023 3:49,38
5/8/2023 3:49,5/8/2023 3:50,36
5/8/2023 3:50,5/8/2023 3:51,45
5/8/2023 3:51,5/8/2023 3:52,53
5/8/2023 3:52,5/8/2023 3:53,48
5/8/2023 3:53,5/8/2023 3:54,53
5/8/2023 3:54,5/8/2023 3:55,44
5/8/2023 3:55,5/8/2023 3:56,40
5/8/2023 3:56,5/8/2023 3:57,42
5/8/2023 3:57,5/8/2023 3:58,42
5/8/2023 3:58,5/8/2023 3:59,46
5/8/2023 3:59,5/8/2023 4:00,47
5/8/2023 4:00,5/8/2023 4:01,52
5/8/2023 4:01,5/8/2023 4:02,50
5/8/2023 4:02,5/8/2023 4:03,52
5/8/2023 4:03,5/8/2023 4:04,44
5/8/2023 4:04,5/8/2023 4:05,41
5/8/2023 4:05,5/8/2023 4:06,47
5/8/2023 4:06,5/8/2023 4:07,48
5/8/2023 4:07,5/8/2023 4:08,47
5/8/2023 4:08,5/8/2023 4:09,36
5/8/2023 4:09,5/8/2023 4:10,42
5/8/2023 4:10,5/8/2023 4:11,42
5/8/2023 4:11,5/8/2023 4:12,39
5/8/2023 4:12,5/8/2023 4:13,50
5/8/2023 4:13,5/8/2023 4:14,48
5/8/2023 4:14,5/8/2023 4:15,47
5/8/2023 4:15,5/8/2023 4:16,44
5/8/2023 4:16,5/8/2023 4:17,45
5/8/2023 4:17,5/8/2023 4:18,49
5/8/2023 4:18,5/8/2023 4:19,51
5/8/2023 4:19,5/8/2023 4:20,40
5/8/2023 4:20,5/8/2023 4:21,49
5/8/2023 4:21,5/8/2023 4:22,65
5/8/2023 4:22,5/8/2023 4:23,65
5/8/2023 4:23,5/8/2023 4:24,65
5/8/2023 4:24,5/8/2023 4:25,56
5/8/2023 4:25,5/8/2023 4:26,52
5/8/2023 4:26,5/8/2023 4:27,66
5/8/2023 4:27,5/8/2023 4:28,51
5/8/2023 4:28,5/8/2023 4:29,44
5/8/2023 4:29,5/8/2023 4:30,46
5/8/2023 4:30,5/8/2023 4:31,62
5/8/2023 4:31,5/8/2023 4:32,44
5/8/2023 4:32,5/8/2023 4:33,53
5/8/2023 4:33,5/8/2023 4:34,53
5/8/2023 4:34,5/8/2023 4:35,51
5/8/2023 4:35,5/8/2023 4:36,57
5/8/2023 4:36,5/8/2023 4:37,37
5/8/2023 4:37,5/8/2023 4:38,53
5/8/2023 4:38,5/8/2023 4:39,56
5/8/2023 4:39,5/8/2023 4:40,44
5/8/2023 4:40,5/8/2023 4:41,45
5/8/2023 4:41,5/8/2023 4:42,44
5/8/2023 4:42,5/8/2023 4:43,41
5/8/2023 4:43,5/8/2023 4:44,39
5/8/2023 4:44,5/8/2023 4:45,40
5/8/2023 4:45,5/8/2023 4:46,39
5/8/2023 4:46,5/8/2023 4:47,50
5/8/2023 4:47,5/8/2023 4:48,39
5/8/2023 4:48,5/8/2023 4:49,53
5/8/2023 4:49,5/8/2023 4:50,41
5/8/2023 4:50,5/8/2023 4:51,46
5/8/2023 4:51,5/8/2023 4:52,49
5/8/2023 4:52,5/8/2023 4:53,44
5/8/2023 4:53,5/8/2023 4:54,51
5/8/2023 4:54,5/8/2023 4:55,49
5/8/2023 4:55,5/8/2023 4:56,47
5/8/2023 4:56,5/8/2023 4:57,45
5/8/2023 4:57,5/8/2023 4:58,34
5/8/2023 4:58,5/8/2023 4:59,56
5/8/2023 4:59,5/8/2023 5:00,46
5/8/2023 5:00,5/8/2023 5:01,57
5/8/2023 5:01,5/8/2023 5:02,52
5/8/2023 5:02,5/8/2023 5:03,45
5/8/2023 5:03,5/8/2023 5:04,39
5/8/2023 5:04,5/8/2023 5:05,37
5/8/2023 5:05,5/8/2023 5:06,52
5/8/2023 5:06,5/8/2023 5:07,33
5/8/2023 5:07,5/8/2023 5:08,49
5/8/2023 5:08,5/8/2023 5:09,55
5/8/2023 5:09,5/8/2023 5:10,49
5/8/2023 5:10,5/8/2023 5:11,52
5/8/2023 5:11,5/8/2023 5:12,44
5/8/2023 5:12,5/8/2023 5:13,53
5/8/2023 5:13,5/8/2023 5:14,50
5/8/2023 5:14,5/8/2023 5:15,41
5/8/2023 5:15,5/8/2023 5:16,47
5/8/2023 5:16,5/8/2023 5:17,68
5/8/2023 5:17,5/8/2023 5:18,44
5/8/2023 5:18,5/8/2023 5:19,34
5/8/2023 5:19,5/8/2023 5:20,44
5/8/2023 5:20,5/8/2023 5:21,47
5/8/2023 5:21,5/8/2023 5:22,47
5/8/2023 5:22,5/8/2023 5:23,55
5/8/2023 5:23,5/8/2023 5:24,47
5/8/2023 5:24,5/8/2023 5:25,47
5/8/2023 5:25,5/8/2023 5:26,44
5/8/2023 5:26,5/8/2023 5:27,50
5/8/2023 5:27,5/8/2023 5:28,48
5/8/2023 5:28,5/8/2023 5:29,41
5/8/2023 5:29,5/8/2023 5:30,62
5/8/2023 5:30,5/8/2023 5:31,47
5/8/2023 5:31,5/8/2023 5:32,43
5/8/2023 5:32,5/8/2023 5:33,33
5/8/2023 5:33,5/8/2023 5:34,43
5/8/2023 5:34,5/8/2023 5:35,46
5/8/2023 5:35,5/8/2023 5:36,47
5/8/2023 5:36,5/8/2023 5:37,43
5/8/2023 5:37,5/8/2023 5:38,47
5/8/2023 5:38,5/8/2023 5:39,40
5/8/2023 5:39,5/8/2023 5:40,49
5/8/2023 5:40,5/8/2023 5:41,47
5/8/2023 5:41,5/8/2023 5:42,46
5/8/2023 5:42,5/8/2023 5:43,38
5/8/2023 5:43,5/8/2023 5:44,61
5/8/2023 5:44,5/8/2023 5:45,48
5/8/2023 5:45,5/8/2023 5:46,41
5/8/2023 5:46,5/8/2023 5:47,49
5/8/2023 5:47,5/8/2023 5:48,30
5/8/2023 5:48,5/8/2023 5:49,41
5/8/2023 5:49,5/8/2023 5:50,35
5/8/2023 5:50,5/8/2023 5:51,43
5/8/2023 5:51,5/8/2023 5:52,35
5/8/2023 5:52,5/8/2023 5:53,37
5/8/2023 5:53,5/8/2023 5:54,42
5/8/2023 5:54,5/8/2023 5:55,41
5/8/2023 5:55,5/8/2023 5:56,42
5/8/2023 5:56,5/8/2023 5:57,36
5/8/2023 5:57,5/8/2023 5:58,41
5/8/2023 5:58,5/8/2023 5:59,36
5/8/2023 5:59,5/8/2023 6:00,53
5/8/2023 6:00,5/8/2023 6:01,45
5/8/2023 6:01,5/8/2023 6:02,48
5/8/2023 6:02,5/8/2023 6:03,43
5/8/2023 6:03,5/8/2023 6:04,35
5/8/2023 6:04,5/8/2023 6:05,45
5/8/2023 6:05,5/8/2023 6:06,39
5/8/2023 6:06,5/8/2023 6:07,36
5/8/2023 6:07,5/8/2023 6:08,45
5/8/2023 6:08,5/8/2023 6:09,53
5/8/2023 6:09,5/8/2023 6:10,41
5/8/2023 6:10,5/8/2023 6:11,47
5/8/2023 6:11,5/8/2023 6:12,50
5/8/2023 6:12,5/8/2023 6:13,40
5/8/2023 6:13,5/8/2023 6:14,60
5/8/2023 6:14,5/8/2023 6:15,49
5/8/2023 6:15,5/8/2023 6:16,49
5/8/2023 6:16,5/8/2023 6:17,58
5/8/2023 6:17,5/8/2023 6:18,50
5/8/2023 6:18,5/8/2023 6:19,34
5/8/2023 6:19,5/8/2023 6:20,40
5/8/2023 6:20,5/8/2023 6:21,51
5/8/2023 6:21,5/8/2023 6:22,44
5/8/2023 6:22,5/8/2023 6:23,47
5/8/2023 6:23,5/8/2023 6:24,29
5/8/2023 6:24,5/8/2023 6:25,48
5/8/2023 6:25,5/8/2023 6:26,48
5/8/2023 6:26,5/8/2023 6:27,41
5/8/2023 6:27,5/8/2023 6:28,42
5/8/2023 6:28,5/8/2023 6:29,42
5/8/2023 6:29,5/8/2023 6:30,37
5/8/2023 6:30,5/8/2023 6:31,34
5/8/2023 6:31,5/8/2023 6:32,37
5/8/2023 6:32,5/8/2023 6:33,47
5/8/2023 6:33,5/8/2023 6:34,46
5/8/2023 6:34,5/8/2023 6:35,45
5/8/2023 6:35,5/8/2023 6:36,34
5/8/2023 6:36,5/8/2023 6:37,36
5/8/2023 6:37,5/8/2023 6:38,50
5/8/2023 6:38,5/8/2023 6:39,61
5/8/2023 6:39,5/8/2023 6:40,39
5/8/2023 6:40,5/8/2023 6:41,51
5/8/2023 6:41,5/8/2023 6:42,41
5/8/2023 6:42,5/8/2023 6:43,39
5/8/2023 6:43,5/8/2023 6:44,53
5/8/2023 6:44,5/8/2023 6:45,37
5/8/2023 6:45,5/8/2023 6:46,48
5/8/2023 6:46,5/8/2023 6:47,34
5/8/2023 6:47,5/8/2023 6:48,37
5/8/2023 6:48,5/8/2023 6:49,34
5/8/2023 6:49,5/8/2023 6:50,43
5/8/2023 6:50,5/8/2023 6:51,33
5/8/2023 6:51,5/8/2023 6:52,41
5/8/2023 6:52,5/8/2023 6:53,53
5/8/2023 6:53,5/8/2023 6:54,41
5/8/2023 6:54,5/8/2023 6:55,52
5/8/2023 6:55,5/8/2023 6:56,70
5/8/2023 6:56,5/8/2023 6:57,68
5/8/2023 6:57,5/8/2023 6:58,49
5/8/2023 6:58,5/8/2023 6:59,49
5/8/2023 6:59,5/8/2023 7:00,48
5/8/2023 7:00,5/8/2023 7:01,74
5/8/2023 7:01,5/8/2023 7:02,53
5/8/2023 7:02,5/8/2023 7:03,48
5/8/2023 7:03,5/8/2023 7:04,31
5/8/2023 7:04,5/8/2023 7:05,36
5/8/2023 7:05,5/8/2023 7:06,46
5/8/2023 7:06,5/8/2023 7:07,43
5/8/2023 7:07,5/8/2023 7:08,63
5/8/2023 7:08,5/8/2023 7:09,50
5/8/2023 7:09,5/8/2023 7:10,62
5/8/2023 7:10,5/8/2023 7:11,49
5/8/2023 7:11,5/8/2023 7:12,35
5/8/2023 7:12,5/8/2023 7:13,38
5/8/2023 7:13,5/8/2023 7:14,42
5/8/2023 7:14,5/8/2023 7:15,34
5/8/2023 7:15,5/8/2023 7:16,43
5/8/2023 7:16,5/8/2023 7:17,64
5/8/2023 7:17,5/8/2023 7:18,46
5/8/2023 7:18,5/8/2023 7:19,39
5/8/2023 7:19,5/8/2023 7:20,47
5/8/2023 7:20,5/8/2023 7:21,56
5/8/2023 7:21,5/8/2023 7:22,55
5/8/2023 7:22,5/8/2023 7:23,40
5/8/2023 7:23,5/8/2023 7:24,38
5/8/2023 7:24,5/8/2023 7:25,41
5/8/2023 7:25,5/8/2023 7:26,38
5/8/2023 7:26,5/8/2023 7:27,35
5/8/2023 7:27,5/8/2023 7:28,36
5/8/2023 7:28,5/8/2023 7:29,53
5/8/2023 7:29,5/8/2023 7:30,41
5/8/2023 7:30,5/8/2023 7:31,51
5/8/2023 7:31,5/8/2023 7:32,47
5/8/2023 7:32,5/8/2023 7:33,51
5/8/2023 7:33,5/8/2023 7:34,49
5/8/2023 7:34,5/8/2023 7:35,48
5/8/2023 7:35,5/8/2023 7:36,47
5/8/2023 7:36,5/8/2023 7:37,47
5/8/2023 7:37,5/8/2023 7:38,65
5/8/2023 7:38,5/8/2023 7:39,61
5/8/2023 7:39,5/8/2023 7:40,51
5/8/2023 7:40,5/8/2023 7:41,51
5/8/2023 7:41,5/8/2023 7:42,54
5/8/2023 7:42,5/8/2023 7:43,56
5/8/2023 7:43,5/8/2023 7:44,49
5/8/2023 7:44,5/8/2023 7:45,56
5/8/2023 7:45,5/8/2023 7:46,40
5/8/2023 7:46,5/8/2023 7:47,42
5/8/2023 7:47,5/8/2023 7:48,55
5/8/2023 7:48,5/8/2023 7:49,46
5/8/2023 7:49,5/8/2023 7:50,44
5/8/2023 7:50,5/8/2023 7:51,50
5/8/2023 7:51,5/8/2023 7:52,53
5/8/2023 7:52,5/8/2023 7:53,44
5/8/2023 7:53,5/8/2023 7:54,38
5/8/2023 7:54,5/8/2023 7:55,51
5/8/2023 7:55,5/8/2023 7:56,52
5/8/2023 7:56,5/8/2023 7:57,64
5/8/2023 7:57,5/8/2023 7:58,50
5/8/2023 7:58,5/8/2023 7:59,53
5/8/2023 7:59,5/8/2023 8:00,59
5/8/2023 8:00,5/8/2023 8:01,73
5/8/2023 8:01,5/8/2023 8:02,57
5/8/2023 8:02,5/8/2023 8:03,57
5/8/2023 8:03,5/8/2023 8:04,54
5/8/2023 8:04,5/8/2023 8:05,48
5/8/2023 8:05,5/8/2023 8:06,56
5/8/2023 8:06,5/8/2023 8:07,58
5/8/2023 8:07,5/8/2023 8:08,45
5/8/2023 8:08,5/8/2023 8:09,43
5/8/2023 8:09,5/8/2023 8:10,53
5/8/2023 8:10,5/8/2023 8:11,61
5/8/2023 8:11,5/8/2023 8:12,44
5/8/2023 8:12,5/8/2023 8:13,49
5/8/2023 8:13,5/8/2023 8:14,52
5/8/2023 8:14,5/8/2023 8:15,60
5/8/2023 8:15,5/8/2023 8:16,41
5/8/2023 8:16,5/8/2023 8:17,40
5/8/2023 8:17,5/8/2023 8:18,35
5/8/2023 8:18,5/8/2023 8:19,43
5/8/2023 8:19,5/8/2023 8:20,59
5/8/2023 8:20,5/8/2023 8:21,51
5/8/2023 8:21,5/8/2023 8:22,59
5/8/2023 8:22,5/8/2023 8:23,45
5/8/2023 8:23,5/8/2023 8:24,53
5/8/2023 8:24,5/8/2023 8:25,58
5/8/2023 8:25,5/8/2023 8:26,52
5/8/2023 8:26,5/8/2023 8:27,48
5/8/2023 8:27,5/8/2023 8:28,51
5/8/2023 8:28,5/8/2023 8:29,49
5/8/2023 8:29,5/8/2023 8:30,37
5/8/2023 8:30,5/8/2023 8:31,58
5/8/2023 8:31,5/8/2023 8:32,51
5/8/2023 8:32,5/8/2023 8:33,43
5/8/2023 8:33,5/8/2023 8:34,47
5/8/2023 8:34,5/8/2023 8:35,52
5/8/2023 8:35,5/8/2023 8:36,56
5/8/2023 8:36,5/8/2023 8:37,46
5/8/2023 8:37,5/8/2023 8:38,48
5/8/2023 8:38,5/8/2023 8:39,46
5/8/2023 8:39,5/8/2023 8:40,40
5/8/2023 8:40,5/8/2023 8:41,55
5/8/2023 8:41,5/8/2023 8:42,57
5/8/2023 8:42,5/8/2023 8:43,69
5/8/2023 8:43,5/8/2023 8:44,44
5/8/2023 8:44,5/8/2023 8:45,65
5/8/2023 8:45,5/8/2023 8:46,52
5/8/2023 8:46,5/8/2023 8:47,64
5/8/2023 8:47,5/8/2023 8:48,61
5/8/2023 8:48,5/8/2023 8:49,73
5/8/2023 8:49,5/8/2023 8:50,47
5/8/2023 8:50,5/8/2023 8:51,63
5/8/2023 8:51,5/8/2023 8:52,62
5/8/2023 8:52,5/8/2023 8:53,44
5/8/2023 8:53,5/8/2023 8:54,37
5/8/2023 8:54,5/8/2023 8:55,57
5/8/2023 8:55,5/8/2023 8:56,53
5/8/2023 8:56,5/8/2023 8:57,55
5/8/2023 8:57,5/8/2023 8:58,63
5/8/2023 8:58,5/8/2023 8:59,52
5/8/2023 8:59,5/8/2023 9:00,55
5/8/2023 9:00,5/8/2023 9:01,52
5/8/2023 9:01,5/8/2023 9:02,63
5/8/2023 9:02,5/8/2023 9:03,52
5/8/2023 9:03,5/8/2023 9:04,63
5/8/2023 9:04,5/8/2023 9:05,47
5/8/2023 9:05,5/8/2023 9:06,56
5/8/2023 9:06,5/8/2023 9:07,48
5/8/2023 9:07,5/8/2023 9:08,82
5/8/2023 9:08,5/8/2023 9:09,42
5/8/2023 9:09,5/8/2023 9:10,49
5/8/2023 9:10,5/8/2023 9:11,56
5/8/2023 9:11,5/8/2023 9:12,59
5/8/2023 9:12,5/8/2023 9:13,63
5/8/2023 9:13,5/8/2023 9:14,51
5/8/2023 9:14,5/8/2023 9:15,49
5/8/2023 9:15,5/8/2023 9:16,46
5/8/2023 9:16,5/8/2023 9:17,49
5/8/2023 9:17,5/8/2023 9:18,61
5/8/2023 9:18,5/8/2023 9:19,54
5/8/2023 9:19,5/8/2023 9:20,63
5/8/2023 9:20,5/8/2023 9:21,61
5/8/2023 9:21,5/8/2023 9:22,59
5/8/2023 9:22,5/8/2023 9:23,45
5/8/2023 9:23,5/8/2023 9:24,43
5/8/2023 9:24,5/8/2023 9:25,53
5/8/2023 9:25,5/8/2023 9:26,64
5/8/2023 9:26,5/8/2023 9:27,55
5/8/2023 9:27,5/8/2023 9:28,61
5/8/2023 9:28,5/8/2023 9:29,47
5/8/2023 9:29,5/8/2023 9:30,42
5/8/2023 9:30,5/8/2023 9:31,65
5/8/2023 9:31,5/8/2023 9:32,67
5/8/2023 9:32,5/8/2023 9:33,81
5/8/2023 9:33,5/8/2023 9:34,76
5/8/2023 9:34,5/8/2023 9:35,62
5/8/2023 9:35,5/8/2023 9:36,60
5/8/2023 9:36,5/8/2023 9:37,52
5/8/2023 9:37,5/8/2023 9:38,61
5/8/2023 9:38,5/8/2023 9:39,57
5/8/2023 9:39,5/8/2023 9:40,54
5/8/2023 9:40,5/8/2023 9:41,50
5/8/2023 9:41,5/8/2023 9:42,46
5/8/2023 9:42,5/8/2023 9:43,59
5/8/2023 9:43,5/8/2023 9:44,60
5/8/2023 9:44,5/8/2023 9:45,57
5/8/2023 9:45,5/8/2023 9:46,86
5/8/2023 9:46,5/8/2023 9:47,72
5/8/2023 9:47,5/8/2023 9:48,56
5/8/2023 9:48,5/8/2023 9:49,59
5/8/2023 9:49,5/8/2023 9:50,65
5/8/2023 9:50,5/8/2023 9:51,44
5/8/2023 9:51,5/8/2023 9:52,51
5/8/2023 9:52,5/8/2023 9:53,46
5/8/2023 9:53,5/8/2023 9:54,50
5/8/2023 9:54,5/8/2023 9:55,54
5/8/2023 9:55,5/8/2023 9:56,74
5/8/2023 9:56,5/8/2023 9:57,57
5/8/2023 9:57,5/8/2023 9:58,51
5/8/2023 9:58,5/8/2023 9:59,46
5/8/2023 9:59,5/8/2023 10:00,48
5/8/2023 10:00,5/8/2023 10:01,57
5/8/2023 10:01,5/8/2023 10:02,57
5/8/2023 10:02,5/8/2023 10:03,64
5/8/2023 10:03,5/8/2023 10:04,58
5/8/2023 10:04,5/8/2023 10:05,57
5/8/2023 10:05,5/8/2023 10:06,56
5/8/2023 10:06,5/8/2023 10:07,59
5/8/2023 10:07,5/8/2023 10:08,61
5/8/2023 10:08,5/8/2023 10:09,45
5/8/2023 10:09,5/8/2023 10:10,57
5/8/2023 10:10,5/8/2023 10:11,77
5/8/2023 10:11,5/8/2023 10:12,65
5/8/2023 10:12,5/8/2023 10:13,61
5/8/2023 10:13,5/8/2023 10:14,46
5/8/2023 10:14,5/8/2023 10:15,48
5/8/2023 10:15,5/8/2023 10:16,57
5/8/2023 10:16,5/8/2023 10:17,47
5/8/2023 10:17,5/8/2023 10:18,70
5/8/2023 10:18,5/8/2023 10:19,216
5/8/2023 10:19,5/8/2023 10:20,69
5/8/2023 10:20,5/8/2023 10:21,65
5/8/2023 10:21,5/8/2023 10:22,71
5/8/2023 10:22,5/8/2023 10:23,64
5/8/2023 10:23,5/8/2023 10:24,65
5/8/2023 10:24,5/8/2023 10:25,63
5/8/2023 10:25,5/8/2023 10:26,72
5/8/2023 10:26,5/8/2023 10:27,73
5/8/2023 10:27,5/8/2023 10:28,71
5/8/2023 10:28,5/8/2023 10:29,62
5/8/2023 10:29,5/8/2023 10:30,69
5/8/2023 10:30,5/8/2023 10:31,54
5/8/2023 10:31,5/8/2023 10:32,70
5/8/2023 10:32,5/8/2023 10:33,70
5/8/2023 10:33,5/8/2023 10:34,72
5/8/2023 10:34,5/8/2023 10:35,58
5/8/2023 10:35,5/8/2023 10:36,71
5/8/2023 10:36,5/8/2023 10:37,80
5/8/2023 10:37,5/8/2023 10:38,78
5/8/2023 10:38,5/8/2023 10:39,86
5/8/2023 10:39,5/8/2023 10:40,59
5/8/2023 10:40,5/8/2023 10:41,69
5/8/2023 10:41,5/8/2023 10:42,67
5/8/2023 10:42,5/8/2023 10:43,58
5/8/2023 10:43,5/8/2023 10:44,78
5/8/2023 10:44,5/8/2023 10:45,56
5/8/2023 10:45,5/8/2023 10:46,67
5/8/2023 10:46,5/8/2023 10:47,55
5/8/2023 10:47,5/8/2023 10:48,53
5/8/2023 10:48,5/8/2023 10:49,53
5/8/2023 10:49,5/8/2023 10:50,51
5/8/2023 10:50,5/8/2023 10:51,57
5/8/2023 10:51,5/8/2023 10:52,53
5/8/2023 10:52,5/8/2023 10:53,63
5/8/2023 10:53,5/8/2023 10:54,50
5/8/2023 10:54,5/8/2023 10:55,61
5/8/2023 10:55,5/8/2023 10:56,62
5/8/2023 10:56,5/8/2023 10:57,76
5/8/2023 10:57,5/8/2023 10:58,56
5/8/2023 10:58,5/8/2023 10:59,54
5/8/2023 10:59,5/8/2023 11:00,54
5/8/2023 11:00,5/8/2023 11:01,61
5/8/2023 11:01,5/8/2023 11:02,57
5/8/2023 11:02,5/8/2023 11:03,66
5/8/2023 11:03,5/8/2023 11:04,50
5/8/2023 11:04,5/8/2023 11:05,62
5/8/2023 11:05,5/8/2023 11:06,54
5/8/2023 11:06,5/8/2023 11:07,67
5/8/2023 11:07,5/8/2023 11:08,58
5/8/2023 11:08,5/8/2023 11:09,76
5/8/2023 11:09,5/8/2023 11:10,63
5/8/2023 11:10,5/8/2023 11:11,69
5/8/2023 11:11,5/8/2023 11:12,58
5/8/2023 11:12,5/8/2023 11:13,62
5/8/2023 11:13,5/8/2023 11:14,53
5/8/2023 11:14,5/8/2023 11:15,74
5/8/2023 11:15,5/8/2023 11:16,67
5/8/2023 11:16,5/8/2023 11:17,61
5/8/2023 11:17,5/8/2023 11:18,55
5/8/2023 11:18,5/8/2023 11:19,78
5/8/2023 11:19,5/8/2023 11:20,61
5/8/2023 11:20,5/8/2023 11:21,68
5/8/2023 11:21,5/8/2023 11:22,67
5/8/2023 11:22,5/8/2023 11:23,79
5/8/2023 11:23,5/8/2023 11:24,64
5/8/2023 11:24,5/8/2023 11:25,52
5/8/2023 11:25,5/8/2023 11:26,79
5/8/2023 11:26,5/8/2023 11:27,62
5/8/2023 11:27,5/8/2023 11:28,58
5/8/2023 11:28,5/8/2023 11:29,69
5/8/2023 11:29,5/8/2023 11:30,69
5/8/2023 11:30,5/8/2023 11:31,84
5/8/2023 11:31,5/8/2023 11:32,78
5/8/2023 11:32,5/8/2023 11:33,70
5/8/2023 11:33,5/8/2023 11:34,49
5/8/2023 11:34,5/8/2023 11:35,50
5/8/2023 11:35,5/8/2023 11:36,67
5/8/2023 11:36,5/8/2023 11:37,58
5/8/2023 11:37,5/8/2023 11:38,66
5/8/2023 11:38,5/8/2023 11:39,67
5/8/2023 11:39,5/8/2023 11:40,78
5/8/2023 11:40,5/8/2023 11:41,59
5/8/2023 11:41,5/8/2023 11:42,80
5/8/2023 11:42,5/8/2023 11:43,79
5/8/2023 11:43,5/8/2023 11:44,58
5/8/2023 11:44,5/8/2023 11:45,56
5/8/2023 11:45,5/8/2023 11:46,64
5/8/2023 11:46,5/8/2023 11:47,76
5/8/2023 11:47,5/8/2023 11:48,63
5/8/2023 11:48,5/8/2023 11:49,58
5/8/2023 11:49,5/8/2023 11:50,67
5/8/2023 11:50,5/8/2023 11:51,74
5/8/2023 11:51,5/8/2023 11:52,90
5/8/2023 11:52,5/8/2023 11:53,71
5/8/2023 11:53,5/8/2023 11:54,65
5/8/2023 11:54,5/8/2023 11:55,56
5/8/2023 11:55,5/8/2023 11:56,55
5/8/2023 11:56,5/8/2023 11:57,57
5/8/2023 11:57,5/8/2023 11:58,47
5/8/2023 11:58,5/8/2023 11:59,61
5/8/2023 11:59,5/8/2023 12:00,58
5/8/2023 12:00,5/8/2023 12:01,74
5/8/2023 12:01,5/8/2023 12:02,58
5/8/2023 12:02,5/8/2023 12:03,53
5/8/2023 12:03,5/8/2023 12:04,53
5/8/2023 12:04,5/8/2023 12:05,59
5/8/2023 12:05,5/8/2023 12:06,50
5/8/2023 12:06,5/8/2023 12:07,61
5/8/2023 12:07,5/8/2023 12:08,51
5/8/2023 12:08,5/8/2023 12:09,62
5/8/2023 12:09,5/8/2023 12:10,53
5/8/2023 12:10,5/8/2023 12:11,52
5/8/2023 12:11,5/8/2023 12:12,71
5/8/2023 12:12,5/8/2023 12:13,58
5/8/2023 12:13,5/8/2023 12:14,71
5/8/2023 12:14,5/8/2023 12:15,57
5/8/2023 12:15,5/8/2023 12:16,55
5/8/2023 12:16,5/8/2023 12:17,58
5/8/2023 12:17,5/8/2023 12:18,60
5/8/2023 12:18,5/8/2023 12:19,58
5/8/2023 12:19,5/8/2023 12:20,58
5/8/2023 12:20,5/8/2023 12:21,64
5/8/2023 12:21,5/8/2023 12:22,48
5/8/2023 12:22,5/8/2023 12:23,57
5/8/2023 12:23,5/8/2023 12:24,67
5/8/2023 12:24,5/8/2023 12:25,71
5/8/2023 12:25,5/8/2023 12:26,57
5/8/2023 12:26,5/8/2023 12:27,76
5/8/2023 12:27,5/8/2023 12:28,59
5/8/2023 12:28,5/8/2023 12:29,86
5/8/2023 12:29,5/8/2023 12:30,59
5/8/2023 12:30,5/8/2023 12:31,54
5/8/2023 12:31,5/8/2023 12:32,49
5/8/2023 12:32,5/8/2023 12:33,52
5/8/2023 12:33,5/8/2023 12:34,61
5/8/2023 12:34,5/8/2023 12:35,85
5/8/2023 12:35,5/8/2023 12:36,46
5/8/2023 12:36,5/8/2023 12:37,47
5/8/2023 12:37,5/8/2023 12:38,57
5/8/2023 12:38,5/8/2023 12:39,68
5/8/2023 12:39,5/8/2023 12:40,59
5/8/2023 12:40,5/8/2023 12:41,52
5/8/2023 12:41,5/8/2023 12:42,56
5/8/2023 12:42,5/8/2023 12:43,66
5/8/2023 12:43,5/8/2023 12:44,71
5/8/2023 12:44,5/8/2023 12:45,62
5/8/2023 12:45,5/8/2023 12:46,53
5/8/2023 12:46,5/8/2023 12:47,57
5/8/2023 12:47,5/8/2023 12:48,49
5/8/2023 12:48,5/8/2023 12:49,44
5/8/2023 12:49,5/8/2023 12:50,66
5/8/2023 12:50,5/8/2023 12:51,54
5/8/2023 12:51,5/8/2023 12:52,50
5/8/2023 12:52,5/8/2023 12:53,69
5/8/2023 12:53,5/8/2023 12:54,57
5/8/2023 12:54,5/8/2023 12:55,48
5/8/2023 12:55,5/8/2023 12:56,60
5/8/2023 12:56,5/8/2023 12:57,56
5/8/2023 12:57,5/8/2023 12:58,55
5/8/2023 12:58,5/8/2023 12:59,66
5/8/2023 12:59,5/8/2023 13:00,56
5/8/2023 13:00,5/8/2023 13:01,66
5/8/2023 13:01,5/8/2023 13:02,71
5/8/2023 13:02,5/8/2023 13:03,54
5/8/2023 13:03,5/8/2023 13:04,70
5/8/2023 13:04,5/8/2023 13:05,89
5/8/2023 13:05,5/8/2023 13:06,69
5/8/2023 13:06,5/8/2023 13:07,66
5/8/2023 13:07,5/8/2023 13:08,66
5/8/2023 13:08,5/8/2023 13:09,58
5/8/2023 13:09,5/8/2023 13:10,88
5/8/2023 13:10,5/8/2023 13:11,79
5/8/2023 13:11,5/8/2023 13:12,78
5/8/2023 13:12,5/8/2023 13:13,73
5/8/2023 13:13,5/8/2023 13:14,83
5/8/2023 13:14,5/8/2023 13:15,69
5/8/2023 13:15,5/8/2023 13:16,72
5/8/2023 13:16,5/8/2023 13:17,54
5/8/2023 13:17,5/8/2023 13:18,50
5/8/2023 13:18,5/8/2023 13:19,68
5/8/2023 13:19,5/8/2023 13:20,60
5/8/2023 13:20,5/8/2023 13:21,57
5/8/2023 13:21,5/8/2023 13:22,58
5/8/2023 13:22,5/8/2023 13:23,67
5/8/2023 13:23,5/8/2023 13:24,78
5/8/2023 13:24,5/8/2023 13:25,73
5/8/2023 13:25,5/8/2023 13:26,77
5/8/2023 13:26,5/8/2023 13:27,62
5/8/2023 13:27,5/8/2023 13:28,91
5/8/2023 13:28,5/8/2023 13:29,73
5/8/2023 13:29,5/8/2023 13:30,58
5/8/2023 13:30,5/8/2023 13:31,75
5/8/2023 13:31,5/8/2023 13:32,75
5/8/2023 13:32,5/8/2023 13:33,68
5/8/2023 13:33,5/8/2023 13:34,75
5/8/2023 13:34,5/8/2023 13:35,59
5/8/2023 13:35,5/8/2023 13:36,59
5/8/2023 13:36,5/8/2023 13:37,63
5/8/2023 13:37,5/8/2023 13:38,62
5/8/2023 13:38,5/8/2023 13:39,62
5/8/2023 13:39,5/8/2023 13:40,61
5/8/2023 13:40,5/8/2023 13:41,61
5/8/2023 13:41,5/8/2023 13:42,64
5/8/2023 13:42,5/8/2023 13:43,71
5/8/2023 13:43,5/8/2023 13:44,71
5/8/2023 13:44,5/8/2023 13:45,61
5/8/2023 13:45,5/8/2023 13:46,75
5/8/2023 13:46,5/8/2023 13:47,61
5/8/2023 13:47,5/8/2023 13:48,74
5/8/2023 13:48,5/8/2023 13:49,63
5/8/2023 13:49,5/8/2023 13:50,83
5/8/2023 13:50,5/8/2023 13:51,61
5/8/2023 13:51,5/8/2023 13:52,55
5/8/2023 13:52,5/8/2023 13:53,66
5/8/2023 13:53,5/8/2023 13:54,59
5/8/2023 13:54,5/8/2023 13:55,54
5/8/2023 13:55,5/8/2023 13:56,46
5/8/2023 13:56,5/8/2023 13:57,63
5/8/2023 13:57,5/8/2023 13:58,61
5/8/2023 13:58,5/8/2023 13:59,55
5/8/2023 13:59,5/8/2023 14:00,62
5/8/2023 14:00,5/8/2023 14:01,57
5/8/2023 14:01,5/8/2023 14:02,42
5/8/2023 14:02,5/8/2023 14:03,41
5/8/2023 14:03,5/8/2023 14:04,55
5/8/2023 14:04,5/8/2023 14:05,62
5/8/2023 14:05,5/8/2023 14:06,50
5/8/2023 14:06,5/8/2023 14:07,58
5/8/2023 14:07,5/8/2023 14:08,53
5/8/2023 14:08,5/8/2023 14:09,56
5/8/2023 14:09,5/8/2023 14:10,68
5/8/2023 14:10,5/8/2023 14:11,53
5/8/2023 14:11,5/8/2023 14:12,52
5/8/2023 14:12,5/8/2023 14:13,57
5/8/2023 14:13,5/8/2023 14:14,49
5/8/2023 14:14,5/8/2023 14:15,55
5/8/2023 14:15,5/8/2023 14:16,67
5/8/2023 14:16,5/8/2023 14:17,54
5/8/2023 14:17,5/8/2023 14:18,41
5/8/2023 14:18,5/8/2023 14:19,59
5/8/2023 14:19,5/8/2023 14:20,61
5/8/2023 14:20,5/8/2023 14:21,55
5/8/2023 14:21,5/8/2023 14:22,65
5/8/2023 14:22,5/8/2023 14:23,60
5/8/2023 14:23,5/8/2023 14:24,65
5/8/2023 14:24,5/8/2023 14:25,36
5/8/2023 14:25,5/8/2023 14:26,62
5/8/2023 14:26,5/8/2023 14:27,68
5/8/2023 14:27,5/8/2023 14:28,74
5/8/2023 14:28,5/8/2023 14:29,62
5/8/2023 14:29,5/8/2023 14:30,58
5/8/2023 14:30,5/8/2023 14:31,56
5/8/2023 14:31,5/8/2023 14:32,52
5/8/2023 14:32,5/8/2023 14:33,57
5/8/2023 14:33,5/8/2023 14:34,74
5/8/2023 14:34,5/8/2023 14:35,68
5/8/2023 14:35,5/8/2023 14:36,78
5/8/2023 14:36,5/8/2023 14:37,55
5/8/2023 14:37,5/8/2023 14:38,79
5/8/2023 14:38,5/8/2023 14:39,54
5/8/2023 14:39,5/8/2023 14:40,54
5/8/2023 14:40,5/8/2023 14:41,71
5/8/2023 14:41,5/8/2023 14:42,64
5/8/2023 14:42,5/8/2023 14:43,81
5/8/2023 14:43,5/8/2023 14:44,62
5/8/2023 14:44,5/8/2023 14:45,72
5/8/2023 14:45,5/8/2023 14:46,61
5/8/2023 14:46,5/8/2023 14:47,63
5/8/2023 14:47,5/8/2023 14:48,58
5/8/2023 14:48,5/8/2023 14:49,57
5/8/2023 14:49,5/8/2023 14:50,71
5/8/2023 14:50,5/8/2023 14:51,63
5/8/2023 14:51,5/8/2023 14:52,73
5/8/2023 14:52,5/8/2023 14:53,53
5/8/2023 14:53,5/8/2023 14:54,40
5/8/2023 14:54,5/8/2023 14:55,57
5/8/2023 14:55,5/8/2023 14:56,57
5/8/2023 14:56,5/8/2023 14:57,47
5/8/2023 14:57,5/8/2023 14:58,51
5/8/2023 14:58,5/8/2023 14:59,64
5/8/2023 14:59,5/8/2023 15:00,45
5/8/2023 15:00,5/8/2023 15:01,50
5/8/2023 15:01,5/8/2023 15:02,56
5/8/2023 15:02,5/8/2023 15:03,53
5/8/2023 15:03,5/8/2023 15:04,59
5/8/2023 15:04,5/8/2023 15:05,47
5/8/2023 15:05,5/8/2023 15:06,46
5/8/2023 15:06,5/8/2023 15:07,64
5/8/2023 15:07,5/8/2023 15:08,48
5/8/2023 15:08,5/8/2023 15:09,58
5/8/2023 15:09,5/8/2023 15:10,53
5/8/2023 15:10,5/8/2023 15:11,53
5/8/2023 15:11,5/8/2023 15:12,46
5/8/2023 15:12,5/8/2023 15:13,61
5/8/2023 15:13,5/8/2023 15:14,44
5/8/2023 15:14,5/8/2023 15:15,38
5/8/2023 15:15,5/8/2023 15:16,46
5/8/2023 15:16,5/8/2023 15:17,43
5/8/2023 15:17,5/8/2023 15:18,48
5/8/2023 15:18,5/8/2023 15:19,53
5/8/2023 15:19,5/8/2023 15:20,38
5/8/2023 15:20,5/8/2023 15:21,48
5/8/2023 15:21,5/8/2023 15:22,47
5/8/2023 15:22,5/8/2023 15:23,63
5/8/2023 15:23,5/8/2023 15:24,51
5/8/2023 15:24,5/8/2023 15:25,49
5/8/2023 15:25,5/8/2023 15:26,51
5/8/2023 15:26,5/8/2023 15:27,53
5/8/2023 15:27,5/8/2023 15:28,50
5/8/2023 15:28,5/8/2023 15:29,61
5/8/2023 15:29,5/8/2023 15:30,61
5/8/2023 15:30,5/8/2023 15:31,54
5/8/2023 15:31,5/8/2023 15:32,53
5/8/2023 15:32,5/8/2023 15:33,57
5/8/2023 15:33,5/8/2023 15:34,63
5/8/2023 15:34,5/8/2023 15:35,52
5/8/2023 15:35,5/8/2023 15:36,56
5/8/2023 15:36,5/8/2023 15:37,71
5/8/2023 15:37,5/8/2023 15:38,38
5/8/2023 15:38,5/8/2023 15:39,53
5/8/2023 15:39,5/8/2023 15:40,55
5/8/2023 15:40,5/8/2023 15:41,55
5/8/2023 15:41,5/8/2023 15:42,47
5/8/2023 15:42,5/8/2023 15:43,53
5/8/2023 15:43,5/8/2023 15:44,50
5/8/2023 15:44,5/8/2023 15:45,51
5/8/2023 15:45,5/8/2023 15:46,42
5/8/2023 15:46,5/8/2023 15:47,45
5/8/2023 15:47,5/8/2023 15:48,64
5/8/2023 15:48,5/8/2023 15:49,51
5/8/2023 15:49,5/8/2023 15:50,46
5/8/2023 15:50,5/8/2023 15:51,46
5/8/2023 15:51,5/8/2023 15:52,52
5/8/2023 15:52,5/8/2023 15:53,46
5/8/2023 15:53,5/8/2023 15:54,51
5/8/2023 15:54,5/8/2023 15:55,52
5/8/2023 15:55,5/8/2023 15:56,58
5/8/2023 15:56,5/8/2023 15:57,48
5/8/2023 15:57,5/8/2023 15:58,43
5/8/2023 15:58,5/8/2023 15:59,48
5/8/2023 15:59,5/8/2023 16:00,53
5/8/2023 16:00,5/8/2023 16:01,43
5/8/2023 16:01,5/8/2023 16:02,51
5/8/2023 16:02,5/8/2023 16:03,48
5/8/2023 16:03,5/8/2023 16:04,54
5/8/2023 16:04,5/8/2023 16:05,36
5/8/2023 16:05,5/8/2023 16:06,51
5/8/2023 16:06,5/8/2023 16:07,56
5/8/2023 16:07,5/8/2023 16:08,30
5/8/2023 16:08,5/8/2023 16:09,44
5/8/2023 16:09,5/8/2023 16:10,52
5/8/2023 16:10,5/8/2023 16:11,57
5/8/2023 16:11,5/8/2023 16:12,50
5/8/2023 16:12,5/8/2023 16:13,40
5/8/2023 16:13,5/8/2023 16:14,38
5/8/2023 16:14,5/8/2023 16:15,44
5/8/2023 16:15,5/8/2023 16:16,41
5/8/2023 16:16,5/8/2023 16:17,46
5/8/2023 16:17,5/8/2023 16:18,40
5/8/2023 16:18,5/8/2023 16:19,55
5/8/2023 16:19,5/8/2023 16:20,50
5/8/2023 16:20,5/8/2023 16:21,42
5/8/2023 16:21,5/8/2023 16:22,66
5/8/2023 16:22,5/8/2023 16:23,60
5/8/2023 16:23,5/8/2023 16:24,57
5/8/2023 16:24,5/8/2023 16:25,37
5/8/2023 16:25,5/8/2023 16:26,41
5/8/2023 16:26,5/8/2023 16:27,47
5/8/2023 16:27,5/8/2023 16:28,57
5/8/2023 16:28,5/8/2023 16:29,44
5/8/2023 16:29,5/8/2023 16:30,53
5/8/2023 16:30,5/8/2023 16:31,53
5/8/2023 16:31,5/8/2023 16:32,57
5/8/2023 16:32,5/8/2023 16:33,52
5/8/2023 16:33,5/8/2023 16:34,55
5/8/2023 16:34,5/8/2023 16:35,44
5/8/2023 16:35,5/8/2023 16:36,44
5/8/2023 16:36,5/8/2023 16:37,51
5/8/2023 16:37,5/8/2023 16:38,54
5/8/2023 16:38,5/8/2023 16:39,42
5/8/2023 16:39,5/8/2023 16:40,47
5/8/2023 16:40,5/8/2023 16:41,44
5/8/2023 16:41,5/8/2023 16:42,52
5/8/2023 16:42,5/8/2023 16:43,51
5/8/2023 16:43,5/8/2023 16:44,47
5/8/2023 16:44,5/8/2023 16:45,37
5/8/2023 16:45,5/8/2023 16:46,54
5/8/2023 16:46,5/8/2023 16:47,61
5/8/2023 16:47,5/8/2023 16:48,57
5/8/2023 16:48,5/8/2023 16:49,46
5/8/2023 16:49,5/8/2023 16:50,54
5/8/2023 16:50,5/8/2023 16:51,52
5/8/2023 16:51,5/8/2023 16:52,59
5/8/2023 16:52,5/8/2023 16:53,43
5/8/2023 16:53,5/8/2023 16:54,37
5/8/2023 16:54,5/8/2023 16:55,53
5/8/2023 16:55,5/8/2023 16:56,59
5/8/2023 16:56,5/8/2023 16:57,49
5/8/2023 16:57,5/8/2023 16:58,54
5/8/2023 16:58,5/8/2023 16:59,46
5/8/2023 16:59,5/8/2023 17:00,61
5/8/2023 17:00,5/8/2023 17:01,53
5/8/2023 17:01,5/8/2023 17:02,37
5/8/2023 17:02,5/8/2023 17:03,41
5/8/2023 17:03,5/8/2023 17:04,35
5/8/2023 17:04,5/8/2023 17:05,41
5/8/2023 17:05,5/8/2023 17:06,41
5/8/2023 17:06,5/8/2023 17:07,43
5/8/2023 17:07,5/8/2023 17:08,54
5/8/2023 17:08,5/8/2023 17:09,54
5/8/2023 17:09,5/8/2023 17:10,33
5/8/2023 17:10,5/8/2023 17:11,38
5/8/2023 17:11,5/8/2023 17:12,32
5/8/2023 17:12,5/8/2023 17:13,43
5/8/2023 17:13,5/8/2023 17:14,43
5/8/2023 17:14,5/8/2023 17:15,41
5/8/2023 17:15,5/8/2023 17:16,35
5/8/2023 17:16,5/8/2023 17:17,51
5/8/2023 17:17,5/8/2023 17:18,44
5/8/2023 17:18,5/8/2023 17:19,42
5/8/2023 17:19,5/8/2023 17:20,46
5/8/2023 17:20,5/8/2023 17:21,47
5/8/2023 17:21,5/8/2023 17:22,47
5/8/2023 17:22,5/8/2023 17:23,38
5/8/2023 17:23,5/8/2023 17:24,53
5/8/2023 17:24,5/8/2023 17:25,44
5/8/2023 17:25,5/8/2023 17:26,37
5/8/2023 17:26,5/8/2023 17:27,34
5/8/2023 17:27,5/8/2023 17:28,42
5/8/2023 17:28,5/8/2023 17:29,42
5/8/2023 17:29,5/8/2023 17:30,50
5/8/2023 17:30,5/8/2023 17:31,40
5/8/2023 17:31,5/8/2023 17:32,55
5/8/2023 17:32,5/8/2023 17:33,40
5/8/2023 17:33,5/8/2023 17:34,56
5/8/2023 17:34,5/8/2023 17:35,36
5/8/2023 17:35,5/8/2023 17:36,63
5/8/2023 17:36,5/8/2023 17:37,42
5/8/2023 17:37,5/8/2023 17:38,42
5/8/2023 17:38,5/8/2023 17:39,39
5/8/2023 17:39,5/8/2023 17:40,42
5/8/2023 17:40,5/8/2023 17:41,51
5/8/2023 17:41,5/8/2023 17:42,40
5/8/2023 17:42,5/8/2023 17:43,43
5/8/2023 17:43,5/8/2023 17:44,43
5/8/2023 17:44,5/8/2023 17:45,52
5/8/2023 17:45,5/8/2023 17:46,39
5/8/2023 17:46,5/8/2023 17:47,44
5/8/2023 17:47,5/8/2023 17:48,40
5/8/2023 17:48,5/8/2023 17:49,43
5/8/2023 17:49,5/8/2023 17:50,46
5/8/2023 17:50,5/8/2023 17:51,43
5/8/2023 17:51,5/8/2023 17:52,42
5/8/2023 17:52,5/8/2023 17:53,35
5/8/2023 17:53,5/8/2023 17:54,50
5/8/2023 17:54,5/8/2023 17:55,43
5/8/2023 17:55,5/8/2023 17:56,42
5/8/2023 17:56,5/8/2023 17:57,39
5/8/2023 17:57,5/8/2023 17:58,40
5/8/2023 17:58,5/8/2023 17:59,40
5/8/2023 17:59,5/8/2023 18:00,36
5/8/2023 18:00,5/8/2023 18:01,38
5/8/2023 18:01,5/8/2023 18:02,43
5/8/2023 18:02,5/8/2023 18:03,37
5/8/2023 18:03,5/8/2023 18:04,32
5/8/2023 18:04,5/8/2023 18:05,40
5/8/2023 18:05,5/8/2023 18:06,38
5/8/2023 18:06,5/8/2023 18:07,30
5/8/2023 18:07,5/8/2023 18:08,41
5/8/2023 18:08,5/8/2023 18:09,35
5/8/2023 18:09,5/8/2023 18:10,33
5/8/2023 18:10,5/8/2023 18:11,27
5/8/2023 18:11,5/8/2023 18:12,37
5/8/2023 18:12,5/8/2023 18:13,27
5/8/2023 18:13,5/8/2023 18:14,46
5/8/2023 18:14,5/8/2023 18:15,44
5/8/2023 18:15,5/8/2023 18:16,48
5/8/2023 18:16,5/8/2023 18:17,40
5/8/2023 18:17,5/8/2023 18:18,26
5/8/2023 18:18,5/8/2023 18:19,33
5/8/2023 18:19,5/8/2023 18:20,35
5/8/2023 18:20,5/8/2023 18:21,34
5/8/2023 18:21,5/8/2023 18:22,37
5/8/2023 18:22,5/8/2023 18:23,21
5/8/2023 18:23,5/8/2023 18:24,24
5/8/2023 18:24,5/8/2023 18:25,33
5/8/2023 18:25,5/8/2023 18:26,30
5/8/2023 18:26,5/8/2023 18:27,32
5/8/2023 18:27,5/8/2023 18:28,33
5/8/2023 18:28,5/8/2023 18:29,20
5/8/2023 18:29,5/8/2023 18:30,40
5/8/2023 18:30,5/8/2023 18:31,42
5/8/2023 18:31,5/8/2023 18:32,26
5/8/2023 18:32,5/8/2023 18:33,31
5/8/2023 18:33,5/8/2023 18:34,35
5/8/2023 18:34,5/8/2023 18:35,31
5/8/2023 18:35,5/8/2023 18:36,23
5/8/2023 18:36,5/8/2023 18:37,40
5/8/2023 18:37,5/8/2023 18:38,30
5/8/2023 18:38,5/8/2023 18:39,27
5/8/2023 18:39,5/8/2023 18:40,28
5/8/2023 18:40,5/8/2023 18:41,33
5/8/2023 18:41,5/8/2023 18:42,47
5/8/2023 18:42,5/8/2023 18:43,49
5/8/2023 18:43,5/8/2023 18:44,28
5/8/2023 18:44,5/8/2023 18:45,39
5/8/2023 18:45,5/8/2023 18:46,20
5/8/2023 18:46,5/8/2023 18:47,28
5/8/2023 18:47,5/8/2023 18:48,33
5/8/2023 18:48,5/8/2023 18:49,27
5/8/2023 18:49,5/8/2023 18:50,38
5/8/2023 18:50,5/8/2023 18:51,22
5/8/2023 18:51,5/8/2023 18:52,34
5/8/2023 18:52,5/8/2023 18:53,28
5/8/2023 18:53,5/8/2023 18:54,31
5/8/2023 18:54,5/8/2023 18:55,21
5/8/2023 18:55,5/8/2023 18:56,26
5/8/2023 18:56,5/8/2023 18:57,21
5/8/2023 18:57,5/8/2023 18:58,26
5/8/2023 18:58,5/8/2023 18:59,26
5/8/2023 18:59,5/8/2023 19:00,36
5/8/2023 19:00,5/8/2023 19:01,32
5/8/2023 19:01,5/8/2023 19:02,33
5/8/2023 19:02,5/8/2023 19:03,29
5/8/2023 19:03,5/8/2023 19:04,29
5/8/2023 19:04,5/8/2023 19:05,25
5/8/2023 19:05,5/8/2023 19:06,28
5/8/2023 19:06,5/8/2023 19:07,22
5/8/2023 19:07,5/8/2023 19:08,34
5/8/2023 19:08,5/8/2023 19:09,28
5/8/2023 19:09,5/8/2023 19:10,37
5/8/2023 19:10,5/8/2023 19:11,31
5/8/2023 19:11,5/8/2023 19:12,27
5/8/2023 19:12,5/8/2023 19:13,21
5/8/2023 19:13,5/8/2023 19:14,38
5/8/2023 19:14,5/8/2023 19:15,34
5/8/2023 19:15,5/8/2023 19:16,32
5/8/2023 19:16,5/8/2023 19:17,24
5/8/2023 19:17,5/8/2023 19:18,22
5/8/2023 19:18,5/8/2023 19:19,23
5/8/2023 19:19,5/8/2023 19:20,27
5/8/2023 19:20,5/8/2023 19:21,18
5/8/2023 19:21,5/8/2023 19:22,26
5/8/2023 19:22,5/8/2023 19:23,28
5/8/2023 19:23,5/8/2023 19:24,27
5/8/2023 19:24,5/8/2023 19:25,23
5/8/2023 19:25,5/8/2023 19:26,28
5/8/2023 19:26,5/8/2023 19:27,30
5/8/2023 19:27,5/8/2023 19:28,35
5/8/2023 19:28,5/8/2023 19:29,34
5/8/2023 19:29,5/8/2023 19:30,27
5/8/2023 19:30,5/8/2023 19:31,24
5/8/2023 19:31,5/8/2023 19:32,30
5/8/2023 19:32,5/8/2023 19:33,16
5/8/2023 19:33,5/8/2023 19:34,24
5/8/2023 19:34,5/8/2023 19:35,27
5/8/2023 19:35,5/8/2023 19:36,23
5/8/2023 19:36,5/8/2023 19:37,27
5/8/2023 19:37,5/8/2023 19:38,23
5/8/2023 19:38,5/8/2023 19:39,32
5/8/2023 19:39,5/8/2023 19:40,23
5/8/2023 19:40,5/8/2023 19:41,32
5/8/2023 19:41,5/8/2023 19:42,21
5/8/2023 19:42,5/8/2023 19:43,26
5/8/2023 19:43,5/8/2023 19:44,25
5/8/2023 19:44,5/8/2023 19:45,30
5/8/2023 19:45,5/8/2023 19:46,24
5/8/2023 19:46,5/8/2023 19:47,25
5/8/2023 19:47,5/8/2023 19:48,28
5/8/2023 19:48,5/8/2023 19:49,28
5/8/2023 19:49,5/8/2023 19:50,38
5/8/2023 19:50,5/8/2023 19:51,28
5/8/2023 19:51,5/8/2023 19:52,37
5/8/2023 19:52,5/8/2023 19:53,27
5/8/2023 19:53,5/8/2023 19:54,28
5/8/2023 19:54,5/8/2023 19:55,28
5/8/2023 19:55,5/8/2023 19:56,24
5/8/2023 19:56,5/8/2023 19:57,43
5/8/2023 19:57,5/8/2023 19:58,40
5/8/2023 19:58,5/8/2023 19:59,38
5/8/2023 19:59,5/8/2023 20:00,40
5/8/2023 20:00,5/8/2023 20:01,36
5/8/2023 20:01,5/8/2023 20:02,28
5/8/2023 20:02,5/8/2023 20:03,25
5/8/2023 20:03,5/8/2023 20:04,24
5/8/2023 20:04,5/8/2023 20:05,20
5/8/2023 20:05,5/8/2023 20:06,18
5/8/2023 20:06,5/8/2023 20:07,22
5/8/2023 20:07,5/8/2023 20:08,29
5/8/2023 20:08,5/8/2023 20:09,21
5/8/2023 20:09,5/8/2023 20:10,27
5/8/2023 20:10,5/8/2023 20:11,24
5/8/2023 20:11,5/8/2023 20:12,18
5/8/2023 20:12,5/8/2023 20:13,19
5/8/2023 20:13,5/8/2023 20:14,25
5/8/2023 20:14,5/8/2023 20:15,24
5/8/2023 20:15,5/8/2023 20:16,19
5/8/2023 20:16,5/8/2023 20:17,32
5/8/2023 20:17,5/8/2023 20:18,28
5/8/2023 20:18,5/8/2023 20:19,23
5/8/2023 20:19,5/8/2023 20:20,20
5/8/2023 20:20,5/8/2023 20:21,23
5/8/2023 20:21,5/8/2023 20:22,24
5/8/2023 20:22,5/8/2023 20:23,26
5/8/2023 20:23,5/8/2023 20:24,24
5/8/2023 20:24,5/8/2023 20:25,25
5/8/2023 20:25,5/8/2023 20:26,22
5/8/2023 20:26,5/8/2023 20:27,20
5/8/2023 20:27,5/8/2023 20:28,23
5/8/2023 20:28,5/8/2023 20:29,19
5/8/2023 20:29,5/8/2023 20:30,17
5/8/2023 20:30,5/8/2023 20:31,24
5/8/2023 20:31,5/8/2023 20:32,18
5/8/2023 20:32,5/8/2023 20:33,19
5/8/2023 20:33,5/8/2023 20:34,30
5/8/2023 20:34,5/8/2023 20:35,23
5/8/2023 20:35,5/8/2023 20:36,18
5/8/2023 20:36,5/8/2023 20:37,27
5/8/2023 20:37,5/8/2023 20:38,16
5/8/2023 20:38,5/8/2023 20:39,23
5/8/2023 20:39,5/8/2023 20:40,17
5/8/2023 20:40,5/8/2023 20:41,19
5/8/2023 20:41,5/8/2023 20:42,21
5/8/2023 20:42,5/8/2023 20:43,23
5/8/2023 20:43,5/8/2023 20:44,22
5/8/2023 20:44,5/8/2023 20:45,22
5/8/2023 20:45,5/8/2023 20:46,22
5/8/2023 20:46,5/8/2023 20:47,22
5/8/2023 20:47,5/8/2023 20:48,21
5/8/2023 20:48,5/8/2023 20:49,18
5/8/2023 20:49,5/8/2023 20:50,23
5/8/2023 20:50,5/8/2023 20:51,24
5/8/2023 20:51,5/8/2023 20:52,23
5/8/2023 20:52,5/8/2023 20:53,17
5/8/2023 20:53,5/8/2023 20:54,17
5/8/2023 20:54,5/8/2023 20:55,18
5/8/2023 20:55,5/8/2023 20:56,23
5/8/2023 20:56,5/8/2023 20:57,19
5/8/2023 20:57,5/8/2023 20:58,20
5/8/2023 20:58,5/8/2023 20:59,23
5/8/2023 20:59,5/8/2023 21:00,25
5/8/2023 21:00,5/8/2023 21:01,25
5/8/2023 21:01,5/8/2023 21:02,15
5/8/2023 21:02,5/8/2023 21:03,23
5/8/2023 21:03,5/8/2023 21:04,26
5/8/2023 21:04,5/8/2023 21:05,38
5/8/2023 21:05,5/8/2023 21:06,22
5/8/2023 21:06,5/8/2023 21:07,25
5/8/2023 21:07,5/8/2023 21:08,20
5/8/2023 21:08,5/8/2023 21:09,23
5/8/2023 21:09,5/8/2023 21:10,23
5/8/2023 21:10,5/8/2023 21:11,22
5/8/2023 21:11,5/8/2023 21:12,16
5/8/2023 21:12,5/8/2023 21:13,23
5/8/2023 21:13,5/8/2023 21:14,22
5/8/2023 21:14,5/8/2023 21:15,23
5/8/2023 21:15,5/8/2023 21:16,26
5/8/2023 21:16,5/8/2023 21:17,22
5/8/2023 21:17,5/8/2023 21:18,27
5/8/2023 21:18,5/8/2023 21:19,16
5/8/2023 21:19,5/8/2023 21:20,22
5/8/2023 21:20,5/8/2023 21:21,22
5/8/2023 21:21,5/8/2023 21:22,25
5/8/2023 21:22,5/8/2023 21:23,20
5/8/2023 21:23,5/8/2023 21:24,16
5/8/2023 21:24,5/8/2023 21:25,13
5/8/2023 21:25,5/8/2023 21:26,18
5/8/2023 21:26,5/8/2023 21:27,17
5/8/2023 21:27,5/8/2023 21:28,22
5/8/2023 21:28,5/8/2023 21:29,22
5/8/2023 21:29,5/8/2023 21:30,21
5/8/2023 21:30,5/8/2023 21:31,16
5/8/2023 21:31,5/8/2023 21:32,18
5/8/2023 21:32,5/8/2023 21:33,21
5/8/2023 21:33,5/8/2023 21:34,18
5/8/2023 21:34,5/8/2023 21:35,34
5/8/2023 21:35,5/8/2023 21:36,20
5/8/2023 21:36,5/8/2023 21:37,22
5/8/2023 21:37,5/8/2023 21:38,22
5/8/2023 21:38,5/8/2023 21:39,22
5/8/2023 21:39,5/8/2023 21:40,24
5/8/2023 21:40,5/8/2023 21:41,17
5/8/2023 21:41,5/8/2023 21:42,19
5/8/2023 21:42,5/8/2023 21:43,29
5/8/2023 21:43,5/8/2023 21:44,19
5/8/2023 21:44,5/8/2023 21:45,27
5/8/2023 21:45,5/8/2023 21:46,25
5/8/2023 21:46,5/8/2023 21:47,27
5/8/2023 21:47,5/8/2023 21:48,19
5/8/2023 21:48,5/8/2023 21:49,18
5/8/2023 21:49,5/8/2023 21:50,17
5/8/2023 21:50,5/8/2023 21:51,20
5/8/2023 21:51,5/8/2023 21:52,19
5/8/2023 21:52,5/8/2023 21:53,23
5/8/2023 21:53,5/8/2023 21:54,16
5/8/2023 21:54,5/8/2023 21:55,19
5/8/2023 21:55,5/8/2023 21:56,22
5/8/2023 21:56,5/8/2023 21:57,31
5/8/2023 21:57,5/8/2023 21:58,19
5/8/2023 21:58,5/8/2023 21:59,23
5/8/2023 21:59,5/8/2023 22:00,26
5/8/2023 22:00,5/8/2023 22:01,24
5/8/2023 22:01,5/8/2023 22:02,28
5/8/2023 22:02,5/8/2023 22:03,26
5/8/2023 22:03,5/8/2023 22:04,23
5/8/2023 22:04,5/8/2023 22:05,19
5/8/2023 22:05,5/8/2023 22:06,17
5/8/2023 22:06,5/8/2023 22:07,20
5/8/2023 22:07,5/8/2023 22:08,23
5/8/2023 22:08,5/8/2023 22:09,23
5/8/2023 22:09,5/8/2023 22:10,17
5/8/2023 22:10,5/8/2023 22:11,14
5/8/2023 22:11,5/8/2023 22:12,20
5/8/2023 22:12,5/8/2023 22:13,20
5/8/2023 22:13,5/8/2023 22:14,22
5/8/2023 22:14,5/8/2023 22:15,20
5/8/2023 22:15,5/8/2023 22:16,22
5/8/2023 22:16,5/8/2023 22:17,21
5/8/2023 22:17,5/8/2023 22:18,21
5/8/2023 22:18,5/8/2023 22:19,16
5/8/2023 22:19,5/8/2023 22:20,19
5/8/2023 22:20,5/8/2023 22:21,20
5/8/2023 22:21,5/8/2023 22:22,18
5/8/2023 22:22,5/8/2023 22:23,18
5/8/2023 22:23,5/8/2023 22:24,21
5/8/2023 22:24,5/8/2023 22:25,27
5/8/2023 22:25,5/8/2023 22:26,18
5/8/2023 22:26,5/8/2023 22:27,17
5/8/2023 22:27,5/8/2023 22:28,19
5/8/2023 22:28,5/8/2023 22:29,21
5/8/2023 22:29,5/8/2023 22:30,23
5/8/2023 22:30,5/8/2023 22:31,39
5/8/2023 22:31,5/8/2023 22:32,21
5/8/2023 22:32,5/8/2023 22:33,27
5/8/2023 22:33,5/8/2023 22:34,21
5/8/2023 22:34,5/8/2023 22:35,24
5/8/2023 22:35,5/8/2023 22:36,22
5/8/2023 22:36,5/8/2023 22:37,24
5/8/2023 22:37,5/8/2023 22:38,19
5/8/2023 22:38,5/8/2023 22:39,13
5/8/2023 22:39,5/8/2023 22:40,22
5/8/2023 22:40,5/8/2023 22:41,35
5/8/2023 22:41,5/8/2023 22:42,22
5/8/2023 22:42,5/8/2023 22:43,19
5/8/2023 22:43,5/8/2023 22:44,25
5/8/2023 22:44,5/8/2023 22:45,16
5/8/2023 22:45,5/8/2023 22:46,19
5/8/2023 22:46,5/8/2023 22:47,39
5/8/2023 22:47,5/8/2023 22:48,30
5/8/2023 22:48,5/8/2023 22:49,17
5/8/2023 22:49,5/8/2023 22:50,37
5/8/2023 22:50,5/8/2023 22:51,23
5/8/2023 22:51,5/8/2023 22:52,17
5/8/2023 22:52,5/8/2023 22:53,20
5/8/2023 22:53,5/8/2023 22:54,19
5/8/2023 22:54,5/8/2023 22:55,15
5/8/2023 22:55,5/8/2023 22:56,25
5/8/2023 22:56,5/8/2023 22:57,18
5/8/2023 22:57,5/8/2023 22:58,23
5/8/2023 22:58,5/8/2023 22:59,28
5/8/2023 22:59,5/8/2023 23:00,18
5/8/2023 23:00,5/8/2023 23:01,27
5/8/2023 23:01,5/8/2023 23:02,31
5/8/2023 23:02,5/8/2023 23:03,31
5/8/2023 23:03,5/8/2023 23:04,13
5/8/2023 23:04,5/8/2023 23:05,30
5/8/2023 23:05,5/8/2023 23:06,41
5/8/2023 23:06,5/8/2023 23:07,32
5/8/2023 23:07,5/8/2023 23:08,31
5/8/2023 23:08,5/8/2023 23:09,28
5/8/2023 23:09,5/8/2023 23:10,30
5/8/2023 23:10,5/8/2023 23:11,21
5/8/2023 23:11,5/8/2023 23:12,27
5/8/2023 23:12,5/8/2023 23:13,16
5/8/2023 23:13,5/8/2023 23:14,25
5/8/2023 23:14,5/8/2023 23:15,31
5/8/2023 23:15,5/8/2023 23:16,22
5/8/2023 23:16,5/8/2023 23:17,27
5/8/2023 23:17,5/8/2023 23:18,23
5/8/2023 23:18,5/8/2023 23:19,27
5/8/2023 23:19,5/8/2023 23:20,24
5/8/2023 23:20,5/8/2023 23:21,45
5/8/2023 23:21,5/8/2023 23:22,47
5/8/2023 23:22,5/8/2023 23:23,38
5/8/2023 23:23,5/8/2023 23:24,27
5/8/2023 23:24,5/8/2023 23:25,28
5/8/2023 23:25,5/8/2023 23:26,34
5/8/2023 23:26,5/8/2023 23:27,24
5/8/2023 23:27,5/8/2023 23:28,23
5/8/2023 23:28,5/8/2023 23:29,23
5/8/2023 23:29,5/8/2023 23:30,31
5/8/2023 23:30,5/8/2023 23:31,26
5/8/2023 23:31,5/8/2023 23:32,21
5/8/2023 23:32,5/8/2023 23:33,24
5/8/2023 23:33,5/8/2023 23:34,27
5/8/2023 23:34,5/8/2023 23:35,29
5/8/2023 23:35,5/8/2023 23:36,18
5/8/2023 23:36,5/8/2023 23:37,19
5/8/2023 23:37,5/8/2023 23:38,27
5/8/2023 23:38,5/8/2023 23:39,22
5/8/2023 23:39,5/8/2023 23:40,23
5/8/2023 23:40,5/8/2023 23:41,24
5/8/2023 23:41,5/8/2023 23:42,30
5/8/2023 23:42,5/8/2023 23:43,24
5/8/2023 23:43,5/8/2023 23:44,15
5/8/2023 23:44,5/8/2023 23:45,29
5/8/2023 23:45,5/8/2023 23:46,25
5/8/2023 23:46,5/8/2023 23:47,24
5/8/2023 23:47,5/8/2023 23:48,24
5/8/2023 23:48,5/8/2023 23:49,22
5/8/2023 23:49,5/8/2023 23:50,26
5/8/2023 23:50,5/8/2023 23:51,38
5/8/2023 23:51,5/8/2023 23:52,16
5/8/2023 23:52,5/8/2023 23:53,17
5/8/2023 23:53,5/8/2023 23:54,31
5/8/2023 23:54,5/8/2023 23:55,16
5/8/2023 23:55,5/8/2023 23:56,17
5/8/2023 23:56,5/8/2023 23:57,20
5/8/2023 23:57,5/8/2023 23:58,12
5/8/2023 23:58,5/8/2023 23:59,17
5/8/2023 23:59,5/9/2023 0:00,34
5/9/2023 0:00,5/9/2023 0:01,32
5/9/2023 0:01,5/9/2023 0:02,27
5/9/2023 0:02,5/9/2023 0:03,22
5/9/2023 0:03,5/9/2023 0:04,28
5/9/2023 0:04,5/9/2023 0:05,28
5/9/2023 0:05,5/9/2023 0:06,25
5/9/2023 0:06,5/9/2023 0:07,23
5/9/2023 0:07,5/9/2023 0:08,24
5/9/2023 0:08,5/9/2023 0:09,29
5/9/2023 0:09,5/9/2023 0:10,21
5/9/2023 0:10,5/9/2023 0:11,27
5/9/2023 0:11,5/9/2023 0:12,31
5/9/2023 0:12,5/9/2023 0:13,22
5/9/2023 0:13,5/9/2023 0:14,28
5/9/2023 0:14,5/9/2023 0:15,24
5/9/2023 0:15,5/9/2023 0:16,11
5/9/2023 0:16,5/9/2023 0:17,13
5/9/2023 0:17,5/9/2023 0:18,26
5/9/2023 0:18,5/9/2023 0:19,17
5/9/2023 0:19,5/9/2023 0:20,18
5/9/2023 0:20,5/9/2023 0:21,19
5/9/2023 0:21,5/9/2023 0:22,24
5/9/2023 0:22,5/9/2023 0:23,25
5/9/2023 0:23,5/9/2023 0:24,25
5/9/2023 0:24,5/9/2023 0:25,26
5/9/2023 0:25,5/9/2023 0:26,28
5/9/2023 0:26,5/9/2023 0:27,25
5/9/2023 0:27,5/9/2023 0:28,19
5/9/2023 0:28,5/9/2023 0:29,28
5/9/2023 0:29,5/9/2023 0:30,24
5/9/2023 0:30,5/9/2023 0:31,24
5/9/2023 0:31,5/9/2023 0:32,22
5/9/2023 0:32,5/9/2023 0:33,22
5/9/2023 0:33,5/9/2023 0:34,19
5/9/2023 0:34,5/9/2023 0:35,23
5/9/2023 0:35,5/9/2023 0:36,34
5/9/2023 0:36,5/9/2023 0:37,20
5/9/2023 0:37,5/9/2023 0:38,18
5/9/2023 0:38,5/9/2023 0:39,24
5/9/2023 0:39,5/9/2023 0:40,21
5/9/2023 0:40,5/9/2023 0:41,23
5/9/2023 0:41,5/9/2023 0:42,24
5/9/2023 0:42,5/9/2023 0:43,17
5/9/2023 0:43,5/9/2023 0:44,22
5/9/2023 0:44,5/9/2023 0:45,26
5/9/2023 0:45,5/9/2023 0:46,32
5/9/2023 0:46,5/9/2023 0:47,28
5/9/2023 0:47,5/9/2023 0:48,25
5/9/2023 0:48,5/9/2023 0:49,23
5/9/2023 0:49,5/9/2023 0:50,28
5/9/2023 0:50,5/9/2023 0:51,19
5/9/2023 0:51,5/9/2023 0:52,27
5/9/2023 0:52,5/9/2023 0:53,25
5/9/2023 0:53,5/9/2023 0:54,26
5/9/2023 0:54,5/9/2023 0:55,35
5/9/2023 0:55,5/9/2023 0:56,36
5/9/2023 0:56,5/9/2023 0:57,20
5/9/2023 0:57,5/9/2023 0:58,35
5/9/2023 0:58,5/9/2023 0:59,22
5/9/2023 0:59,5/9/2023 1:00,34
5/9/2023 1:00,5/9/2023 1:01,29
5/9/2023 1:01,5/9/2023 1:02,30
5/9/2023 1:02,5/9/2023 1:03,22
5/9/2023 1:03,5/9/2023 1:04,20
5/9/2023 1:04,5/9/2023 1:05,30
5/9/2023 1:05,5/9/2023 1:06,27
5/9/2023 1:06,5/9/2023 1:07,24
5/9/2023 1:07,5/9/2023 1:08,25
5/9/2023 1:08,5/9/2023 1:09,28
5/9/2023 1:09,5/9/2023 1:10,22
5/9/2023 1:10,5/9/2023 1:11,35
5/9/2023 1:11,5/9/2023 1:12,30
5/9/2023 1:12,5/9/2023 1:13,35
5/9/2023 1:13,5/9/2023 1:14,35
5/9/2023 1:14,5/9/2023 1:15,36
5/9/2023 1:15,5/9/2023 1:16,35
5/9/2023 1:16,5/9/2023 1:17,31
5/9/2023 1:17,5/9/2023 1:18,31
5/9/2023 1:18,5/9/2023 1:19,28
5/9/2023 1:19,5/9/2023 1:20,42
5/9/2023 1:20,5/9/2023 1:21,40
5/9/2023 1:21,5/9/2023 1:22,42
5/9/2023 1:22,5/9/2023 1:23,31
5/9/2023 1:23,5/9/2023 1:24,41
5/9/2023 1:24,5/9/2023 1:25,39
5/9/2023 1:25,5/9/2023 1:26,44
5/9/2023 1:26,5/9/2023 1:27,48
5/9/2023 1:27,5/9/2023 1:28,34
5/9/2023 1:28,5/9/2023 1:29,35
5/9/2023 1:29,5/9/2023 1:30,26
5/9/2023 1:30,5/9/2023 1:31,50
5/9/2023 1:31,5/9/2023 1:32,38
5/9/2023 1:32,5/9/2023 1:33,35
5/9/2023 1:33,5/9/2023 1:34,38
5/9/2023 1:34,5/9/2023 1:35,45
5/9/2023 1:35,5/9/2023 1:36,29
5/9/2023 1:36,5/9/2023 1:37,38
5/9/2023 1:37,5/9/2023 1:38,33
5/9/2023 1:38,5/9/2023 1:39,41
5/9/2023 1:39,5/9/2023 1:40,34
5/9/2023 1:40,5/9/2023 1:41,32
5/9/2023 1:41,5/9/2023 1:42,36
5/9/2023 1:42,5/9/2023 1:43,43
5/9/2023 1:43,5/9/2023 1:44,35
5/9/2023 1:44,5/9/2023 1:45,48
5/9/2023 1:45,5/9/2023 1:46,58
5/9/2023 1:46,5/9/2023 1:47,41
5/9/2023 1:47,5/9/2023 1:48,46
5/9/2023 1:48,5/9/2023 1:49,36
5/9/2023 1:49,5/9/2023 1:50,53
5/9/2023 1:50,5/9/2023 1:51,49
5/9/2023 1:51,5/9/2023 1:52,36
5/9/2023 1:52,5/9/2023 1:53,52
5/9/2023 1:53,5/9/2023 1:54,38
5/9/2023 1:54,5/9/2023 1:55,49
5/9/2023 1:55,5/9/2023 1:56,34
5/9/2023 1:56,5/9/2023 1:57,35
5/9/2023 1:57,5/9/2023 1:58,43
5/9/2023 1:58,5/9/2023 1:59,31
5/9/2023 1:59,5/9/2023 2:00,30
5/9/2023 2:00,5/9/2023 2:01,39
5/9/2023 2:01,5/9/2023 2:02,34
5/9/2023 2:02,5/9/2023 2:03,44
5/9/2023 2:03,5/9/2023 2:04,36
5/9/2023 2:04,5/9/2023 2:05,30
5/9/2023 2:05,5/9/2023 2:06,35
5/9/2023 2:06,5/9/2023 2:07,35
5/9/2023 2:07,5/9/2023 2:08,37
5/9/2023 2:08,5/9/2023 2:09,37
5/9/2023 2:09,5/9/2023 2:10,24
5/9/2023 2:10,5/9/2023 2:11,40
5/9/2023 2:11,5/9/2023 2:12,38
5/9/2023 2:12,5/9/2023 2:13,29
5/9/2023 2:13,5/9/2023 2:14,36
5/9/2023 2:14,5/9/2023 2:15,37
5/9/2023 2:15,5/9/2023 2:16,30
5/9/2023 2:16,5/9/2023 2:17,27
5/9/2023 2:17,5/9/2023 2:18,33
5/9/2023 2:18,5/9/2023 2:19,40
5/9/2023 2:19,5/9/2023 2:20,40
5/9/2023 2:20,5/9/2023 2:21,30
5/9/2023 2:21,5/9/2023 2:22,36
5/9/2023 2:22,5/9/2023 2:23,37
5/9/2023 2:23,5/9/2023 2:24,31
5/9/2023 2:24,5/9/2023 2:25,31
5/9/2023 2:25,5/9/2023 2:26,27
5/9/2023 2:26,5/9/2023 2:27,29
5/9/2023 2:27,5/9/2023 2:28,37
5/9/2023 2:28,5/9/2023 2:29,21
5/9/2023 2:29,5/9/2023 2:30,39
5/9/2023 2:30,5/9/2023 2:31,29
5/9/2023 2:31,5/9/2023 2:32,31
5/9/2023 2:32,5/9/2023 2:33,31
5/9/2023 2:33,5/9/2023 2:34,29
5/9/2023 2:34,5/9/2023 2:35,44
5/9/2023 2:35,5/9/2023 2:36,41
5/9/2023 2:36,5/9/2023 2:37,25
5/9/2023 2:37,5/9/2023 2:38,34
5/9/2023 2:38,5/9/2023 2:39,20
5/9/2023 2:39,5/9/2023 2:40,38
5/9/2023 2:40,5/9/2023 2:41,31
5/9/2023 2:41,5/9/2023 2:42,35
5/9/2023 2:42,5/9/2023 2:43,34
5/9/2023 2:43,5/9/2023 2:44,37
5/9/2023 2:44,5/9/2023 2:45,35
5/9/2023 2:45,5/9/2023 2:46,27
5/9/2023 2:46,5/9/2023 2:47,22
5/9/2023 2:47,5/9/2023 2:48,33
5/9/2023 2:48,5/9/2023 2:49,46
5/9/2023 2:49,5/9/2023 2:50,36
5/9/2023 2:50,5/9/2023 2:51,40
5/9/2023 2:51,5/9/2023 2:52,32
5/9/2023 2:52,5/9/2023 2:53,38
5/9/2023 2:53,5/9/2023 2:54,32
5/9/2023 2:54,5/9/2023 2:55,28
5/9/2023 2:55,5/9/2023 2:56,40
5/9/2023 2:56,5/9/2023 2:57,35
5/9/2023 2:57,5/9/2023 2:58,33
5/9/2023 2:58,5/9/2023 2:59,33
5/9/2023 2:59,5/9/2023 3:00,31
5/9/2023 3:00,5/9/2023 3:01,47
5/9/2023 3:01,5/9/2023 3:02,29
5/9/2023 3:02,5/9/2023 3:03,26
5/9/2023 3:03,5/9/2023 3:04,32
5/9/2023 3:04,5/9/2023 3:05,35
5/9/2023 3:05,5/9/2023 3:06,39
5/9/2023 3:06,5/9/2023 3:07,40
5/9/2023 3:07,5/9/2023 3:08,36
5/9/2023 3:08,5/9/2023 3:09,37
5/9/2023 3:09,5/9/2023 3:10,51
5/9/2023 3:10,5/9/2023 3:11,28
5/9/2023 3:11,5/9/2023 3:12,42
5/9/2023 3:12,5/9/2023 3:13,38
5/9/2023 3:13,5/9/2023 3:14,35
5/9/2023 3:14,5/9/2023 3:15,33
5/9/2023 3:15,5/9/2023 3:16,36
5/9/2023 3:16,5/9/2023 3:17,26
5/9/2023 3:17,5/9/2023 3:18,33
5/9/2023 3:18,5/9/2023 3:19,33
5/9/2023 3:19,5/9/2023 3:20,29
5/9/2023 3:20,5/9/2023 3:21,31
5/9/2023 3:21,5/9/2023 3:22,50
5/9/2023 3:22,5/9/2023 3:23,35
5/9/2023 3:23,5/9/2023 3:24,55
5/9/2023 3:24,5/9/2023 3:25,47
5/9/2023 3:25,5/9/2023 3:26,33
5/9/2023 3:26,5/9/2023 3:27,87
5/9/2023 3:27,5/9/2023 3:28,46
5/9/2023 3:28,5/9/2023 3:29,46
5/9/2023 3:29,5/9/2023 3:30,39
5/9/2023 3:30,5/9/2023 3:31,41
5/9/2023 3:31,5/9/2023 3:32,43
5/9/2023 3:32,5/9/2023 3:33,39
5/9/2023 3:33,5/9/2023 3:34,41
5/9/2023 3:34,5/9/2023 3:35,37
5/9/2023 3:35,5/9/2023 3:36,42
5/9/2023 3:36,5/9/2023 3:37,52
5/9/2023 3:37,5/9/2023 3:38,41
5/9/2023 3:38,5/9/2023 3:39,50
5/9/2023 3:39,5/9/2023 3:40,34
5/9/2023 3:40,5/9/2023 3:41,50
5/9/2023 3:41,5/9/2023 3:42,39
5/9/2023 3:42,5/9/2023 3:43,50
5/9/2023 3:43,5/9/2023 3:44,42
5/9/2023 3:44,5/9/2023 3:45,40
5/9/2023 3:45,5/9/2023 3:46,41
5/9/2023 3:46,5/9/2023 3:47,31
5/9/2023 3:47,5/9/2023 3:48,35
5/9/2023 3:48,5/9/2023 3:49,51
5/9/2023 3:49,5/9/2023 3:50,32
5/9/2023 3:50,5/9/2023 3:51,44
5/9/2023 3:51,5/9/2023 3:52,36
5/9/2023 3:52,5/9/2023 3:53,22
5/9/2023 3:53,5/9/2023 3:54,44
5/9/2023 3:54,5/9/2023 3:55,38
5/9/2023 3:55,5/9/2023 3:56,46
5/9/2023 3:56,5/9/2023 3:57,35
5/9/2023 3:57,5/9/2023 3:58,48
5/9/2023 3:58,5/9/2023 3:59,61
5/9/2023 3:59,5/9/2023 4:00,48
5/9/2023 4:00,5/9/2023 4:01,43
5/9/2023 4:01,5/9/2023 4:02,52
5/9/2023 4:02,5/9/2023 4:03,41
5/9/2023 4:03,5/9/2023 4:04,37
5/9/2023 4:04,5/9/2023 4:05,41
5/9/2023 4:05,5/9/2023 4:06,42
5/9/2023 4:06,5/9/2023 4:07,44
5/9/2023 4:07,5/9/2023 4:08,34
5/9/2023 4:08,5/9/2023 4:09,34
5/9/2023 4:09,5/9/2023 4:10,36
5/9/2023 4:10,5/9/2023 4:11,35
5/9/2023 4:11,5/9/2023 4:12,38
5/9/2023 4:12,5/9/2023 4:13,55
5/9/2023 4:13,5/9/2023 4:14,48
5/9/2023 4:14,5/9/2023 4:15,52
5/9/2023 4:15,5/9/2023 4:16,43
5/9/2023 4:16,5/9/2023 4:17,26
5/9/2023 4:17,5/9/2023 4:18,45
5/9/2023 4:18,5/9/2023 4:19,37
5/9/2023 4:19,5/9/2023 4:20,41
5/9/2023 4:20,5/9/2023 4:21,47
5/9/2023 4:21,5/9/2023 4:22,31
5/9/2023 4:22,5/9/2023 4:23,45
5/9/2023 4:23,5/9/2023 4:24,49
5/9/2023 4:24,5/9/2023 4:25,45
5/9/2023 4:25,5/9/2023 4:26,46
5/9/2023 4:26,5/9/2023 4:27,40
5/9/2023 4:27,5/9/2023 4:28,61
5/9/2023 4:28,5/9/2023 4:29,40
5/9/2023 4:29,5/9/2023 4:30,55
5/9/2023 4:30,5/9/2023 4:31,42
5/9/2023 4:31,5/9/2023 4:32,43
5/9/2023 4:32,5/9/2023 4:33,39
5/9/2023 4:33,5/9/2023 4:34,42
5/9/2023 4:34,5/9/2023 4:35,31
5/9/2023 4:35,5/9/2023 4:36,40
5/9/2023 4:36,5/9/2023 4:37,30
5/9/2023 4:37,5/9/2023 4:38,40
5/9/2023 4:38,5/9/2023 4:39,30
5/9/2023 4:39,5/9/2023 4:40,37
5/9/2023 4:40,5/9/2023 4:41,27
5/9/2023 4:41,5/9/2023 4:42,35
5/9/2023 4:42,5/9/2023 4:43,42
5/9/2023 4:43,5/9/2023 4:44,38
5/9/2023 4:44,5/9/2023 4:45,33
5/9/2023 4:45,5/9/2023 4:46,37
5/9/2023 4:46,5/9/2023 4:47,37
5/9/2023 4:47,5/9/2023 4:48,39
5/9/2023 4:48,5/9/2023 4:49,39
5/9/2023 4:49,5/9/2023 4:50,36
5/9/2023 4:50,5/9/2023 4:51,41
5/9/2023 4:51,5/9/2023 4:52,34
5/9/2023 4:52,5/9/2023 4:53,40
5/9/2023 4:53,5/9/2023 4:54,42
5/9/2023 4:54,5/9/2023 4:55,48
5/9/2023 4:55,5/9/2023 4:56,59
5/9/2023 4:56,5/9/2023 4:57,47
5/9/2023 4:57,5/9/2023 4:58,39
5/9/2023 4:58,5/9/2023 4:59,55
5/9/2023 4:59,5/9/2023 5:00,40
5/9/2023 5:00,5/9/2023 5:01,54
5/9/2023 5:01,5/9/2023 5:02,37
5/9/2023 5:02,5/9/2023 5:03,42
5/9/2023 5:03,5/9/2023 5:04,38
5/9/2023 5:04,5/9/2023 5:05,35
5/9/2023 5:05,5/9/2023 5:06,35
5/9/2023 5:06,5/9/2023 5:07,39
5/9/2023 5:07,5/9/2023 5:08,31
5/9/2023 5:08,5/9/2023 5:09,42
5/9/2023 5:09,5/9/2023 5:10,33
5/9/2023 5:10,5/9/2023 5:11,38
5/9/2023 5:11,5/9/2023 5:12,30
5/9/2023 5:12,5/9/2023 5:13,37
5/9/2023 5:13,5/9/2023 5:14,27
5/9/2023 5:14,5/9/2023 5:15,40
5/9/2023 5:15,5/9/2023 5:16,58
5/9/2023 5:16,5/9/2023 5:17,39
5/9/2023 5:17,5/9/2023 5:18,50
5/9/2023 5:18,5/9/2023 5:19,32
5/9/2023 5:19,5/9/2023 5:20,39
5/9/2023 5:20,5/9/2023 5:21,45
5/9/2023 5:21,5/9/2023 5:22,40
5/9/2023 5:22,5/9/2023 5:23,43
5/9/2023 5:23,5/9/2023 5:24,41
5/9/2023 5:24,5/9/2023 5:25,49
5/9/2023 5:25,5/9/2023 5:26,40
5/9/2023 5:26,5/9/2023 5:27,34
5/9/2023 5:27,5/9/2023 5:28,37
5/9/2023 5:28,5/9/2023 5:29,44
5/9/2023 5:29,5/9/2023 5:30,48
5/9/2023 5:30,5/9/2023 5:31,51
5/9/2023 5:31,5/9/2023 5:32,48
5/9/2023 5:32,5/9/2023 5:33,78
5/9/2023 5:33,5/9/2023 5:34,36
5/9/2023 5:34,5/9/2023 5:35,51
5/9/2023 5:35,5/9/2023 5:36,45
5/9/2023 5:36,5/9/2023 5:37,56
5/9/2023 5:37,5/9/2023 5:38,43
5/9/2023 5:38,5/9/2023 5:39,63
5/9/2023 5:39,5/9/2023 5:40,54
5/9/2023 5:40,5/9/2023 5:41,68
5/9/2023 5:41,5/9/2023 5:42,59
5/9/2023 5:42,5/9/2023 5:43,55
5/9/2023 5:43,5/9/2023 5:44,52
5/9/2023 5:44,5/9/2023 5:45,58
5/9/2023 5:45,5/9/2023 5:46,50
5/9/2023 5:46,5/9/2023 5:47,40
5/9/2023 5:47,5/9/2023 5:48,43
5/9/2023 5:48,5/9/2023 5:49,47
5/9/2023 5:49,5/9/2023 5:50,57
5/9/2023 5:50,5/9/2023 5:51,58
5/9/2023 5:51,5/9/2023 5:52,40
5/9/2023 5:52,5/9/2023 5:53,46
5/9/2023 5:53,5/9/2023 5:54,39
5/9/2023 5:54,5/9/2023 5:55,51
5/9/2023 5:55,5/9/2023 5:56,45
5/9/2023 5:56,5/9/2023 5:57,41
5/9/2023 5:57,5/9/2023 5:58,33
5/9/2023 5:58,5/9/2023 5:59,37
5/9/2023 5:59,5/9/2023 6:00,36
5/9/2023 6:00,5/9/2023 6:01,54
5/9/2023 6:01,5/9/2023 6:02,52
5/9/2023 6:02,5/9/2023 6:03,31
5/9/2023 6:03,5/9/2023 6:04,38
5/9/2023 6:04,5/9/2023 6:05,39
5/9/2023 6:05,5/9/2023 6:06,51
5/9/2023 6:06,5/9/2023 6:07,48
5/9/2023 6:07,5/9/2023 6:08,48
5/9/2023 6:08,5/9/2023 6:09,53
5/9/2023 6:09,5/9/2023 6:10,50
5/9/2023 6:10,5/9/2023 6:11,58
5/9/2023 6:11,5/9/2023 6:12,33
5/9/2023 6:12,5/9/2023 6:13,45
5/9/2023 6:13,5/9/2023 6:14,31
5/9/2023 6:14,5/9/2023 6:15,38
5/9/2023 6:15,5/9/2023 6:16,49
5/9/2023 6:16,5/9/2023 6:17,38
5/9/2023 6:17,5/9/2023 6:18,34
5/9/2023 6:18,5/9/2023 6:19,39
5/9/2023 6:19,5/9/2023 6:20,49
5/9/2023 6:20,5/9/2023 6:21,43
5/9/2023 6:21,5/9/2023 6:22,39
5/9/2023 6:22,5/9/2023 6:23,42
5/9/2023 6:23,5/9/2023 6:24,49
5/9/2023 6:24,5/9/2023 6:25,46
5/9/2023 6:25,5/9/2023 6:26,42
5/9/2023 6:26,5/9/2023 6:27,44
5/9/2023 6:27,5/9/2023 6:28,45
5/9/2023 6:28,5/9/2023 6:29,37
5/9/2023 6:29,5/9/2023 6:30,49
5/9/2023 6:30,5/9/2023 6:31,51
5/9/2023 6:31,5/9/2023 6:32,38
5/9/2023 6:32,5/9/2023 6:33,43
5/9/2023 6:33,5/9/2023 6:34,45
5/9/2023 6:34,5/9/2023 6:35,46
5/9/2023 6:35,5/9/2023 6:36,46
5/9/2023 6:36,5/9/2023 6:37,41
5/9/2023 6:37,5/9/2023 6:38,50
5/9/2023 6:38,5/9/2023 6:39,51
5/9/2023 6:39,5/9/2023 6:40,48
5/9/2023 6:40,5/9/2023 6:41,42
5/9/2023 6:41,5/9/2023 6:42,42
5/9/2023 6:42,5/9/2023 6:43,48
5/9/2023 6:43,5/9/2023 6:44,42
5/9/2023 6:44,5/9/2023 6:45,52
5/9/2023 6:45,5/9/2023 6:46,46
5/9/2023 6:46,5/9/2023 6:47,48
5/9/2023 6:47,5/9/2023 6:48,48
5/9/2023 6:48,5/9/2023 6:49,46
5/9/2023 6:49,5/9/2023 6:50,34
5/9/2023 6:50,5/9/2023 6:51,25
5/9/2023 6:51,5/9/2023 6:52,48
5/9/2023 6:52,5/9/2023 6:53,29
5/9/2023 6:53,5/9/2023 6:54,53
5/9/2023 6:54,5/9/2023 6:55,33
5/9/2023 6:55,5/9/2023 6:56,45
5/9/2023 6:56,5/9/2023 6:57,36
5/9/2023 6:57,5/9/2023 6:58,44
5/9/2023 6:58,5/9/2023 6:59,40
5/9/2023 6:59,5/9/2023 7:00,39
5/9/2023 7:00,5/9/2023 7:01,52
5/9/2023 7:01,5/9/2023 7:02,41
5/9/2023 7:02,5/9/2023 7:03,33
5/9/2023 7:03,5/9/2023 7:04,37
5/9/2023 7:04,5/9/2023 7:05,35
5/9/2023 7:05,5/9/2023 7:06,42
5/9/2023 7:06,5/9/2023 7:07,45
5/9/2023 7:07,5/9/2023 7:08,36
5/9/2023 7:08,5/9/2023 7:09,43
5/9/2023 7:09,5/9/2023 7:10,55
5/9/2023 7:10,5/9/2023 7:11,48
5/9/2023 7:11,5/9/2023 7:12,32
5/9/2023 7:12,5/9/2023 7:13,49
5/9/2023 7:13,5/9/2023 7:14,35
5/9/2023 7:14,5/9/2023 7:15,66
5/9/2023 7:15,5/9/2023 7:16,44
5/9/2023 7:16,5/9/2023 7:17,48
5/9/2023 7:17,5/9/2023 7:18,50
5/9/2023 7:18,5/9/2023 7:19,51
5/9/2023 7:19,5/9/2023 7:20,70
5/9/2023 7:20,5/9/2023 7:21,56
5/9/2023 7:21,5/9/2023 7:22,42
5/9/2023 7:22,5/9/2023 7:23,38
5/9/2023 7:23,5/9/2023 7:24,43
5/9/2023 7:24,5/9/2023 7:25,43
5/9/2023 7:25,5/9/2023 7:26,36
5/9/2023 7:26,5/9/2023 7:27,48
5/9/2023 7:27,5/9/2023 7:28,31
5/9/2023 7:28,5/9/2023 7:29,38
5/9/2023 7:29,5/9/2023 7:30,42
5/9/2023 7:30,5/9/2023 7:31,50
5/9/2023 7:31,5/9/2023 7:32,54
5/9/2023 7:32,5/9/2023 7:33,44
5/9/2023 7:33,5/9/2023 7:34,43
5/9/2023 7:34,5/9/2023 7:35,50
5/9/2023 7:35,5/9/2023 7:36,49
5/9/2023 7:36,5/9/2023 7:37,42
5/9/2023 7:37,5/9/2023 7:38,40
5/9/2023 7:38,5/9/2023 7:39,42
5/9/2023 7:39,5/9/2023 7:40,37
5/9/2023 7:40,5/9/2023 7:41,48
5/9/2023 7:41,5/9/2023 7:42,40
5/9/2023 7:42,5/9/2023 7:43,42
5/9/2023 7:43,5/9/2023 7:44,35
5/9/2023 7:44,5/9/2023 7:45,37
5/9/2023 7:45,5/9/2023 7:46,50
5/9/2023 7:46,5/9/2023 7:47,50
5/9/2023 7:47,5/9/2023 7:48,51
5/9/2023 7:48,5/9/2023 7:49,66
5/9/2023 7:49,5/9/2023 7:50,39
5/9/2023 7:50,5/9/2023 7:51,35
5/9/2023 7:51,5/9/2023 7:52,43
5/9/2023 7:52,5/9/2023 7:53,42
5/9/2023 7:53,5/9/2023 7:54,35
5/9/2023 7:54,5/9/2023 7:55,29
5/9/2023 7:55,5/9/2023 7:56,47
5/9/2023 7:56,5/9/2023 7:57,32
5/9/2023 7:57,5/9/2023 7:58,53
5/9/2023 7:58,5/9/2023 7:59,37
5/9/2023 7:59,5/9/2023 8:00,44
5/9/2023 8:00,5/9/2023 8:01,47
5/9/2023 8:01,5/9/2023 8:02,42
5/9/2023 8:02,5/9/2023 8:03,33
5/9/2023 8:03,5/9/2023 8:04,48
5/9/2023 8:04,5/9/2023 8:05,41
5/9/2023 8:05,5/9/2023 8:06,39
5/9/2023 8:06,5/9/2023 8:07,39
5/9/2023 8:07,5/9/2023 8:08,37
5/9/2023 8:08,5/9/2023 8:09,39
5/9/2023 8:09,5/9/2023 8:10,50
5/9/2023 8:10,5/9/2023 8:11,46
5/9/2023 8:11,5/9/2023 8:12,44
5/9/2023 8:12,5/9/2023 8:13,46
5/9/2023 8:13,5/9/2023 8:14,42
5/9/2023 8:14,5/9/2023 8:15,36
5/9/2023 8:15,5/9/2023 8:16,39
5/9/2023 8:16,5/9/2023 8:17,48
5/9/2023 8:17,5/9/2023 8:18,36
5/9/2023 8:18,5/9/2023 8:19,39
5/9/2023 8:19,5/9/2023 8:20,40
5/9/2023 8:20,5/9/2023 8:21,40
5/9/2023 8:21,5/9/2023 8:22,30
5/9/2023 8:22,5/9/2023 8:23,36
5/9/2023 8:23,5/9/2023 8:24,33
5/9/2023 8:24,5/9/2023 8:25,38
5/9/2023 8:25,5/9/2023 8:26,37
5/9/2023 8:26,5/9/2023 8:27,36
5/9/2023 8:27,5/9/2023 8:28,29
5/9/2023 8:28,5/9/2023 8:29,47
5/9/2023 8:29,5/9/2023 8:30,40
5/9/2023 8:30,5/9/2023 8:31,46
5/9/2023 8:31,5/9/2023 8:32,39
5/9/2023 8:32,5/9/2023 8:33,42
5/9/2023 8:33,5/9/2023 8:34,41
5/9/2023 8:34,5/9/2023 8:35,32
5/9/2023 8:35,5/9/2023 8:36,31
5/9/2023 8:36,5/9/2023 8:37,34
5/9/2023 8:37,5/9/2023 8:38,48
5/9/2023 8:38,5/9/2023 8:39,34
5/9/2023 8:39,5/9/2023 8:40,42
5/9/2023 8:40,5/9/2023 8:41,36
5/9/2023 8:41,5/9/2023 8:42,40
5/9/2023 8:42,5/9/2023 8:43,37
5/9/2023 8:43,5/9/2023 8:44,31
5/9/2023 8:44,5/9/2023 8:45,44
5/9/2023 8:45,5/9/2023 8:46,30
5/9/2023 8:46,5/9/2023 8:47,39
5/9/2023 8:47,5/9/2023 8:48,44
5/9/2023 8:48,5/9/2023 8:49,46
5/9/2023 8:49,5/9/2023 8:50,40
5/9/2023 8:50,5/9/2023 8:51,49
5/9/2023 8:51,5/9/2023 8:52,58
5/9/2023 8:52,5/9/2023 8:53,49
5/9/2023 8:53,5/9/2023 8:54,40
5/9/2023 8:54,5/9/2023 8:55,46
5/9/2023 8:55,5/9/2023 8:56,37
5/9/2023 8:56,5/9/2023 8:57,31
5/9/2023 8:57,5/9/2023 8:58,38
5/9/2023 8:58,5/9/2023 8:59,45
5/9/2023 8:59,5/9/2023 9:00,40
5/9/2023 9:00,5/9/2023 9:01,38
5/9/2023 9:01,5/9/2023 9:02,36
5/9/2023 9:02,5/9/2023 9:03,30
5/9/2023 9:03,5/9/2023 9:04,49
5/9/2023 9:04,5/9/2023 9:05,34
5/9/2023 9:05,5/9/2023 9:06,36
5/9/2023 9:06,5/9/2023 9:07,28
5/9/2023 9:07,5/9/2023 9:08,30
5/9/2023 9:08,5/9/2023 9:09,38
5/9/2023 9:09,5/9/2023 9:10,33
5/9/2023 9:10,5/9/2023 9:11,30
5/9/2023 9:11,5/9/2023 9:12,43
5/9/2023 9:12,5/9/2023 9:13,44
5/9/2023 9:13,5/9/2023 9:14,42
5/9/2023 9:14,5/9/2023 9:15,42
5/9/2023 9:15,5/9/2023 9:16,47
5/9/2023 9:16,5/9/2023 9:17,29
5/9/2023 9:17,5/9/2023 9:18,34
5/9/2023 9:18,5/9/2023 9:19,29
5/9/2023 9:19,5/9/2023 9:20,44
5/9/2023 9:20,5/9/2023 9:21,42
5/9/2023 9:21,5/9/2023 9:22,40
5/9/2023 9:22,5/9/2023 9:23,39
5/9/2023 9:23,5/9/2023 9:24,38
5/9/2023 9:24,5/9/2023 9:25,26
5/9/2023 9:25,5/9/2023 9:26,40
5/9/2023 9:26,5/9/2023 9:27,46
5/9/2023 9:27,5/9/2023 9:28,43
5/9/2023 9:28,5/9/2023 9:29,38
5/9/2023 9:29,5/9/2023 9:30,37
5/9/2023 9:30,5/9/2023 9:31,63
5/9/2023 9:31,5/9/2023 9:32,65
5/9/2023 9:32,5/9/2023 9:33,52
5/9/2023 9:33,5/9/2023 9:34,43
5/9/2023 9:34,5/9/2023 9:35,47
5/9/2023 9:35,5/9/2023 9:36,37
5/9/2023 9:36,5/9/2023 9:37,48
5/9/2023 9:37,5/9/2023 9:38,43
5/9/2023 9:38,5/9/2023 9:39,41
5/9/2023 9:39,5/9/2023 9:40,43
5/9/2023 9:40,5/9/2023 9:41,32
5/9/2023 9:41,5/9/2023 9:42,35
5/9/2023 9:42,5/9/2023 9:43,47
5/9/2023 9:43,5/9/2023 9:44,34
5/9/2023 9:44,5/9/2023 9:45,36
5/9/2023 9:45,5/9/2023 9:46,51
5/9/2023 9:46,5/9/2023 9:47,56
5/9/2023 9:47,5/9/2023 9:48,63
5/9/2023 9:48,5/9/2023 9:49,50
5/9/2023 9:49,5/9/2023 9:50,39
5/9/2023 9:50,5/9/2023 9:51,55
5/9/2023 9:51,5/9/2023 9:52,42
5/9/2023 9:52,5/9/2023 9:53,55
5/9/2023 9:53,5/9/2023 9:54,44
5/9/2023 9:54,5/9/2023 9:55,47
5/9/2023 9:55,5/9/2023 9:56,49
5/9/2023 9:56,5/9/2023 9:57,72
5/9/2023 9:57,5/9/2023 9:58,45
5/9/2023 9:58,5/9/2023 9:59,39
5/9/2023 9:59,5/9/2023 10:00,44
5/9/2023 10:00,5/9/2023 10:01,36
5/9/2023 10:01,5/9/2023 10:02,43
5/9/2023 10:02,5/9/2023 10:03,55
5/9/2023 10:03,5/9/2023 10:04,35
5/9/2023 10:04,5/9/2023 10:05,59
5/9/2023 10:05,5/9/2023 10:06,35
5/9/2023 10:06,5/9/2023 10:07,40
5/9/2023 10:07,5/9/2023 10:08,39
5/9/2023 10:08,5/9/2023 10:09,41
5/9/2023 10:09,5/9/2023 10:10,47
5/9/2023 10:10,5/9/2023 10:11,47
5/9/2023 10:11,5/9/2023 10:12,41
5/9/2023 10:12,5/9/2023 10:13,36
5/9/2023 10:13,5/9/2023 10:14,48
5/9/2023 10:14,5/9/2023 10:15,33
5/9/2023 10:15,5/9/2023 10:16,46
5/9/2023 10:16,5/9/2023 10:17,35
5/9/2023 10:17,5/9/2023 10:18,46
5/9/2023 10:18,5/9/2023 10:19,37
5/9/2023 10:19,5/9/2023 10:20,36
5/9/2023 10:20,5/9/2023 10:21,45
5/9/2023 10:21,5/9/2023 10:22,26
5/9/2023 10:22,5/9/2023 10:23,53
5/9/2023 10:23,5/9/2023 10:24,40
5/9/2023 10:24,5/9/2023 10:25,35
5/9/2023 10:25,5/9/2023 10:26,51
5/9/2023 10:26,5/9/2023 10:27,40
5/9/2023 10:27,5/9/2023 10:28,40
5/9/2023 10:28,5/9/2023 10:29,41
5/9/2023 10:29,5/9/2023 10:30,54
5/9/2023 10:30,5/9/2023 10:31,47
5/9/2023 10:31,5/9/2023 10:32,43
5/9/2023 10:32,5/9/2023 10:33,28
5/9/2023 10:33,5/9/2023 10:34,36
5/9/2023 10:34,5/9/2023 10:35,31
5/9/2023 10:35,5/9/2023 10:36,41
5/9/2023 10:36,5/9/2023 10:37,41
5/9/2023 10:37,5/9/2023 10:38,39
5/9/2023 10:38,5/9/2023 10:39,42
5/9/2023 10:39,5/9/2023 10:40,50
5/9/2023 10:40,5/9/2023 10:41,55
5/9/2023 10:41,5/9/2023 10:42,46
5/9/2023 10:42,5/9/2023 10:43,38
5/9/2023 10:43,5/9/2023 10:44,48
5/9/2023 10:44,5/9/2023 10:45,36
5/9/2023 10:45,5/9/2023 10:46,49
5/9/2023 10:46,5/9/2023 10:47,45
5/9/2023 10:47,5/9/2023 10:48,49
5/9/2023 10:48,5/9/2023 10:49,58
5/9/2023 10:49,5/9/2023 10:50,49
5/9/2023 10:50,5/9/2023 10:51,47
5/9/2023 10:51,5/9/2023 10:52,53
5/9/2023 10:52,5/9/2023 10:53,64
5/9/2023 10:53,5/9/2023 10:54,50
5/9/2023 10:54,5/9/2023 10:55,47
5/9/2023 10:55,5/9/2023 10:56,43
5/9/2023 10:56,5/9/2023 10:57,44
5/9/2023 10:57,5/9/2023 10:58,42
5/9/2023 10:58,5/9/2023 10:59,48
5/9/2023 10:59,5/9/2023 11:00,29
5/9/2023 11:00,5/9/2023 11:01,44
5/9/2023 11:01,5/9/2023 11:02,39
5/9/2023 11:02,5/9/2023 11:03,40
5/9/2023 11:03,5/9/2023 11:04,50
5/9/2023 11:04,5/9/2023 11:05,48
5/9/2023 11:05,5/9/2023 11:06,43
5/9/2023 11:06,5/9/2023 11:07,32
5/9/2023 11:07,5/9/2023 11:08,49
5/9/2023 11:08,5/9/2023 11:09,39
5/9/2023 11:09,5/9/2023 11:10,50
5/9/2023 11:10,5/9/2023 11:11,54
5/9/2023 11:11,5/9/2023 11:12,36
5/9/2023 11:12,5/9/2023 11:13,37
5/9/2023 11:13,5/9/2023 11:14,34
5/9/2023 11:14,5/9/2023 11:15,36
5/9/2023 11:15,5/9/2023 11:16,37
5/9/2023 11:16,5/9/2023 11:17,48
5/9/2023 11:17,5/9/2023 11:18,30
5/9/2023 11:18,5/9/2023 11:19,45
5/9/2023 11:19,5/9/2023 11:20,48
5/9/2023 11:20,5/9/2023 11:21,48
5/9/2023 11:21,5/9/2023 11:22,54
5/9/2023 11:22,5/9/2023 11:23,38
5/9/2023 11:23,5/9/2023 11:24,47
5/9/2023 11:24,5/9/2023 11:25,37
5/9/2023 11:25,5/9/2023 11:26,36
5/9/2023 11:26,5/9/2023 11:27,33
5/9/2023 11:27,5/9/2023 11:28,40
5/9/2023 11:28,5/9/2023 11:29,34
5/9/2023 11:29,5/9/2023 11:30,40
5/9/2023 11:30,5/9/2023 11:31,30
5/9/2023 11:31,5/9/2023 11:32,39
5/9/2023 11:32,5/9/2023 11:33,33
5/9/2023 11:33,5/9/2023 11:34,36
5/9/2023 11:34,5/9/2023 11:35,35
5/9/2023 11:35,5/9/2023 11:36,52
5/9/2023 11:36,5/9/2023 11:37,35
5/9/2023 11:37,5/9/2023 11:38,46
5/9/2023 11:38,5/9/2023 11:39,38
5/9/2023 11:39,5/9/2023 11:40,41
5/9/2023 11:40,5/9/2023 11:41,37
5/9/2023 11:41,5/9/2023 11:42,33
5/9/2023 11:42,5/9/2023 11:43,38
5/9/2023 11:43,5/9/2023 11:44,52
5/9/2023 11:44,5/9/2023 11:45,47
5/9/2023 11:45,5/9/2023 11:46,36
5/9/2023 11:46,5/9/2023 11:47,30
5/9/2023 11:47,5/9/2023 11:48,42
5/9/2023 11:48,5/9/2023 11:49,34
5/9/2023 11:49,5/9/2023 11:50,40
5/9/2023 11:50,5/9/2023 11:51,43
5/9/2023 11:51,5/9/2023 11:52,40
5/9/2023 11:52,5/9/2023 11:53,39
5/9/2023 11:53,5/9/2023 11:54,45
5/9/2023 11:54,5/9/2023 11:55,40
5/9/2023 11:55,5/9/2023 11:56,49
5/9/2023 11:56,5/9/2023 11:57,34
5/9/2023 11:57,5/9/2023 11:58,42
5/9/2023 11:58,5/9/2023 11:59,45
5/9/2023 11:59,5/9/2023 12:00,28
5/9/2023 12:00,5/9/2023 12:01,54
5/9/2023 12:01,5/9/2023 12:02,42
5/9/2023 12:02,5/9/2023 12:03,41
5/9/2023 12:03,5/9/2023 12:04,33
5/9/2023 12:04,5/9/2023 12:05,40
5/9/2023 12:05,5/9/2023 12:06,41
5/9/2023 12:06,5/9/2023 12:07,22
5/9/2023 12:07,5/9/2023 12:08,45
5/9/2023 12:08,5/9/2023 12:09,46
5/9/2023 12:09,5/9/2023 12:10,40
5/9/2023 12:10,5/9/2023 12:11,47
5/9/2023 12:11,5/9/2023 12:12,38
5/9/2023 12:12,5/9/2023 12:13,33
5/9/2023 12:13,5/9/2023 12:14,47
5/9/2023 12:14,5/9/2023 12:15,40
5/9/2023 12:15,5/9/2023 12:16,38
5/9/2023 12:16,5/9/2023 12:17,41
5/9/2023 12:17,5/9/2023 12:18,37
5/9/2023 12:18,5/9/2023 12:19,39
5/9/2023 12:19,5/9/2023 12:20,27
5/9/2023 12:20,5/9/2023 12:21,35
5/9/2023 12:21,5/9/2023 12:22,40
5/9/2023 12:22,5/9/2023 12:23,30
5/9/2023 12:23,5/9/2023 12:24,40
5/9/2023 12:24,5/9/2023 12:25,41
5/9/2023 12:25,5/9/2023 12:26,39
5/9/2023 12:26,5/9/2023 12:27,48
5/9/2023 12:27,5/9/2023 12:28,41
5/9/2023 12:28,5/9/2023 12:29,38
5/9/2023 12:29,5/9/2023 12:30,36
5/9/2023 12:30,5/9/2023 12:31,39
5/9/2023 12:31,5/9/2023 12:32,36
5/9/2023 12:32,5/9/2023 12:33,34
5/9/2023 12:33,5/9/2023 12:34,38
5/9/2023 12:34,5/9/2023 12:35,25
5/9/2023 12:35,5/9/2023 12:36,42
5/9/2023 12:36,5/9/2023 12:37,55
5/9/2023 12:37,5/9/2023 12:38,43
5/9/2023 12:38,5/9/2023 12:39,47
5/9/2023 12:39,5/9/2023 12:40,51
5/9/2023 12:40,5/9/2023 12:41,39
5/9/2023 12:41,5/9/2023 12:42,45
5/9/2023 12:42,5/9/2023 12:43,47
5/9/2023 12:43,5/9/2023 12:44,32
5/9/2023 12:44,5/9/2023 12:45,34
5/9/2023 12:45,5/9/2023 12:46,41
5/9/2023 12:46,5/9/2023 12:47,40
5/9/2023 12:47,5/9/2023 12:48,32
5/9/2023 12:48,5/9/2023 12:49,48
5/9/2023 12:49,5/9/2023 12:50,40
5/9/2023 12:50,5/9/2023 12:51,33
5/9/2023 12:51,5/9/2023 12:52,42
5/9/2023 12:52,5/9/2023 12:53,47
5/9/2023 12:53,5/9/2023 12:54,37
5/9/2023 12:54,5/9/2023 12:55,47
5/9/2023 12:55,5/9/2023 12:56,48
5/9/2023 12:56,5/9/2023 12:57,46
5/9/2023 12:57,5/9/2023 12:58,55
5/9/2023 12:58,5/9/2023 12:59,50
5/9/2023 12:59,5/9/2023 13:00,49
5/9/2023 13:00,5/9/2023 13:01,61
5/9/2023 13:01,5/9/2023 13:02,53
5/9/2023 13:02,5/9/2023 13:03,50
5/9/2023 13:03,5/9/2023 13:04,49
5/9/2023 13:04,5/9/2023 13:05,39
5/9/2023 13:05,5/9/2023 13:06,55
5/9/2023 13:06,5/9/2023 13:07,43
5/9/2023 13:07,5/9/2023 13:08,53
5/9/2023 13:08,5/9/2023 13:09,48
5/9/2023 13:09,5/9/2023 13:10,61
5/9/2023 13:10,5/9/2023 13:11,56
5/9/2023 13:11,5/9/2023 13:12,55
5/9/2023 13:12,5/9/2023 13:13,56
5/9/2023 13:13,5/9/2023 13:14,50
5/9/2023 13:14,5/9/2023 13:15,52
5/9/2023 13:15,5/9/2023 13:16,51
5/9/2023 13:16,5/9/2023 13:17,41
5/9/2023 13:17,5/9/2023 13:18,42
5/9/2023 13:18,5/9/2023 13:19,48
5/9/2023 13:19,5/9/2023 13:20,60
5/9/2023 13:20,5/9/2023 13:21,49
5/9/2023 13:21,5/9/2023 13:22,51
5/9/2023 13:22,5/9/2023 13:23,49
5/9/2023 13:23,5/9/2023 13:24,65
5/9/2023 13:24,5/9/2023 13:25,55
5/9/2023 13:25,5/9/2023 13:26,49
5/9/2023 13:26,5/9/2023 13:27,54
5/9/2023 13:27,5/9/2023 13:28,61
5/9/2023 13:28,5/9/2023 13:29,54
5/9/2023 13:29,5/9/2023 13:30,57
5/9/2023 13:30,5/9/2023 13:31,47
5/9/2023 13:31,5/9/2023 13:32,49
5/9/2023 13:32,5/9/2023 13:33,56
5/9/2023 13:33,5/9/2023 13:34,63
5/9/2023 13:34,5/9/2023 13:35,33
5/9/2023 13:35,5/9/2023 13:35,8
